sleep_hours,steps,calories,water_intake_ml,stress_level,heart_rate_bpm,health_score
7.46,6644,2101,2335,2,74.5,77.23
5.44,6002,2358,2168,6,76.4,57.39
8.13,9302,2109,2718,8,87.4,81.32
8.41,8756,2896,2564,7,64.1,79.95
4.07,3786,2572,500,8,45.1,35.72
5.05,11368,1877,2527,3,60.0,78.32
7.19,7717,1873,1598,5,58.8,68.97
6.53,4667,2188,1347,5,80.8,62.14
6.97,11566,1665,2087,10,45.0,69.77
5.72,9877,2467,2447,3,66.6,72.63
8.32,4206,2145,1216,4,89.1,67.68
8.17,13332,2103,2623,1,72.1,94.84
7.1,9976,2275,2658,2,82.8,86.13
8.69,7969,2689,2228,10,52.3,70.8
7.7,12771,2068,1679,9,52.8,76.4
5.71,8478,1955,1612,3,89.2,69.28
7.55,7916,2603,2816,8,73.2,71.87
5.56,6019,2387,1293,6,73.2,57.01
8.32,9746,1872,2839,10,58.6,74.36
6.93,9430,2002,2101,4,73.2,80.32
6.72,8044,2078,2142,10,58.2,65.87
5.98,5630,2145,1175,4,86.2,61.44
8.83,8390,1457,2112,8,104.7,65.06
6.77,7791,1383,2568,4,77.8,71.3
6.36,4000,1645,1398,7,64.4,54.18
6.47,3585,1614,2499,4,45.0,60.97
7.8,9695,1742,2253,9,51.8,72.28
7.55,500,2254,1814,7,90.7,53.25
7.62,8616,1932,2713,3,59.6,88.36
7.65,6566,2079,879,10,67.5,56.02
10.21,11925,1510,2408,8,79.9,75.41
6.39,6520,1815,3172,5,89.8,75.03
6.23,9978,2235,3064,2,69.6,84.86
5.78,6809,2238,2434,10,67.1,58.96
7.92,8341,1710,2019,8,72.9,69.95
8.69,10211,2065,1819,7,64.5,83.8
6.83,6612,2880,2018,9,65.1,61.26
5.74,10990,1993,2526,7,76.9,75.17
5.76,5019,1723,1716,3,74.2,64.36
7.98,8884,1930,2654,3,97.6,80.26
8.11,10768,2037,3480,1,77.3,100.0
7.81,9980,1940,2163,1,85.8,90.42
6.0,13749,1987,1393,8,59.1,64.63
7.35,5710,1423,1393,9,78.3,59.27
7.18,3863,1615,2666,2,63.3,72.62
7.33,5017,1940,2164,6,76.7,71.75
8.31,9981,1934,2726,2,80.3,95.7
7.34,9494,1774,1880,5,72.6,73.68
8.02,8307,1929,2698,8,100.9,73.34
7.1,4631,2024,2105,9,89.1,60.37
7.43,10301,2356,1760,10,86.1,72.07
7.95,4326,1960,1959,4,81.2,68.64
4.81,11477,2160,1482,10,93.2,57.94
6.52,16572,1783,3394,8,54.8,73.8
6.29,9099,2229,2142,4,88.4,69.03
6.04,9749,2150,2587,4,60.1,78.36
6.59,6521,2346,1878,2,65.2,73.96
9.24,2569,2285,1569,10,78.7,52.61
5.7,6192,2235,2060,3,86.8,67.49
8.45,4721,1961,2861,3,58.2,84.29
4.48,3659,2098,1888,5,65.8,57.02
6.5,13167,2425,1678,2,73.2,76.17
7.24,8819,1739,2293,9,69.8,68.55
7.88,9139,1749,2499,7,82.2,75.18
8.07,7073,2073,3186,2,113.2,81.6
8.19,7481,2166,2412,2,77.0,87.33
6.48,10894,1670,2586,1,63.2,86.75
6.31,7903,1970,2632,10,56.4,60.37
8.29,9592,1962,1508,5,68.1,78.68
6.71,7412,1114,1622,7,60.7,60.76
5.09,6974,1912,1550,2,77.6,71.17
5.3,3779,1937,1401,3,77.4,63.55
5.62,2067,1936,2677,6,66.4,64.76
7.75,7215,2566,2374,3,95.8,74.22
7.21,8169,1514,2248,7,63.2,72.4
8.04,4142,1670,644,10,70.6,47.3
6.36,7897,1000,3433,4,79.7,71.7
7.24,8161,1808,1663,7,82.7,63.85
7.94,1532,1842,3431,10,87.3,56.45
6.54,5255,1796,1330,9,77.1,62.87
7.69,9222,2443,1713,1,84.6,81.83
6.01,9161,2344,878,2,64.0,69.42
6.46,4539,2031,2417,10,83.0,57.12
6.43,8475,1852,1539,10,82.9,56.87
5.21,11067,2410,1556,4,90.2,63.14
7.73,10331,1992,1376,6,52.0,81.52
6.3,7714,1673,2666,6,61.1,74.01
7.02,6596,1314,2627,7,81.9,65.42
7.72,6112,1823,3287,8,45.0,68.04
7.67,9403,2302,1789,4,77.9,76.74
8.0,8585,2911,2331,9,84.7,68.99
6.85,9888,2025,1426,1,65.1,84.76
6.37,8396,1694,1999,1,66.8,70.3
6.88,10456,1526,1889,10,59.1,71.5
4.47,8284,2221,2479,2,65.7,74.13
4.83,10354,1294,2810,10,66.1,61.33
5.02,10612,2220,2795,3,63.8,81.79
5.5,5586,2327,1694,4,63.1,64.49
7.6,2576,2175,2799,1,68.7,79.38
5.64,12630,1912,2174,10,68.6,63.08
6.43,8770,2226,2005,4,94.5,67.35
8.95,2857,2068,1775,2,67.3,77.39
6.47,5859,1689,1864,5,76.1,69.04
8.11,10316,2740,3245,2,65.1,87.22
5.6,7161,1859,2384,8,64.9,61.53
6.69,6464,2310,2305,1,51.5,80.31
5.57,12203,1033,2043,5,53.1,64.25
6.49,4858,2511,3668,4,57.5,68.33
8.26,5606,2588,2983,1,74.2,81.51
4.41,8634,2012,1767,1,84.9,71.0
7.65,9171,2224,2036,6,50.6,70.01
7.36,9489,2223,2071,4,65.4,78.95
6.11,10734,1743,2288,2,55.6,81.19
4.83,8596,2219,1779,2,68.8,72.26
7.11,9468,1677,2463,9,84.9,71.38
6.21,7222,1756,3071,8,66.6,73.65
7.35,8188,2451,1412,7,71.4,70.57
7.03,8323,2390,1523,9,89.5,62.2
9.4,8645,1717,1910,1,77.5,87.4
6.64,10318,1707,1938,7,62.9,69.65
5.46,9665,1742,3399,8,73.9,69.15
7.27,8133,2293,2801,3,62.1,84.04
7.33,5573,1600,2767,6,77.0,71.51
9.04,8203,2143,2041,8,78.2,76.43
8.25,7916,2299,2028,7,55.6,72.22
7.54,8580,1965,1329,3,74.1,80.16
9.19,14620,2404,2669,7,70.6,86.26
5.22,6429,1878,2495,8,78.5,62.16
6.04,9267,1914,2972,1,82.0,84.26
5.61,11205,1609,2074,6,77.7,65.6
6.42,8294,2407,2115,6,68.4,66.56
4.93,15014,1693,2302,4,83.2,68.53
7.95,6866,2140,2735,1,61.5,87.77
6.67,8972,1971,1318,1,56.2,81.0
4.79,5604,1579,2642,8,45.0,49.59
5.48,6945,1756,2188,9,71.2,56.65
7.47,8747,2553,1565,5,62.1,72.86
8.26,10539,2081,949,10,76.8,63.95
10.0,8957,1596,2118,10,48.3,71.28
11.37,11777,2122,3069,7,64.2,86.05
7.62,7715,1942,3205,6,77.6,75.87
5.52,7003,3382,2413,10,59.6,49.29
3.8,16112,2114,3377,7,76.9,67.48
7.4,9183,1848,2174,10,65.3,66.64
5.78,5842,2568,2772,10,71.6,54.76
6.38,5917,1264,1929,2,79.1,68.62
6.08,5172,2038,1891,7,83.4,56.77
6.79,10810,2798,1793,8,73.1,59.69
8.6,6907,1954,964,9,62.2,60.79
7.24,8382,1307,2972,4,66.5,77.48
6.76,7809,1842,1815,9,79.6,58.15
5.45,10194,2582,1719,5,59.7,66.37
4.49,5460,2150,1492,4,69.9,63.97
6.27,4773,1664,2077,2,67.4,65.92
6.92,8673,1726,3258,4,70.8,79.95
9.65,9803,1776,3456,10,59.9,85.56
7.2,8998,2144,1203,8,49.8,66.25
8.47,5572,2535,1987,8,78.2,63.05
6.25,10032,2421,1579,9,83.6,60.4
5.22,5768,2182,2793,3,50.5,70.4
5.55,6435,1467,2372,7,76.4,64.47
5.91,5168,1469,1818,4,85.0,58.53
10.19,11903,2213,2244,9,79.2,74.22
5.77,9900,1462,1914,5,67.0,66.04
8.26,9815,1910,3169,9,60.7,79.89
5.65,11742,2122,2528,8,73.0,65.02
8.4,16438,1545,2602,8,75.0,75.5
7.58,2872,1590,600,10,73.1,43.51
6.77,5785,1962,2160,8,69.8,67.39
6.94,6151,2201,3450,4,59.0,74.81
6.02,5448,2425,2996,6,77.1,66.13
7.67,4767,2243,1092,5,77.7,58.58
6.32,7101,2029,2012,1,74.4,78.19
5.16,4350,1702,1479,6,73.3,49.92
5.08,9005,1572,3227,5,92.2,67.09
7.26,8155,1796,2347,4,64.5,85.69
9.37,9443,2164,1739,2,87.4,88.79
7.24,9523,2135,2220,6,63.2,77.03
6.82,9809,1160,636,6,85.3,70.06
7.43,6880,1686,1549,2,86.8,70.37
8.96,14363,2482,2222,7,68.5,83.32
7.33,8703,2032,2707,2,91.9,78.94
6.38,2413,1433,1035,2,77.6,56.53
8.66,4993,2942,1971,5,61.5,63.95
7.64,2778,1988,2806,4,67.5,73.92
9.3,8052,2154,1329,10,85.6,65.68
7.27,7635,2160,2338,1,83.1,80.8
5.16,6595,1853,2240,4,59.3,70.64
4.95,14033,1709,3229,8,70.3,66.46
9.48,9647,2849,2062,3,74.4,83.8
9.59,10178,2401,2097,10,65.9,76.8
6.73,5207,2329,2713,8,100.3,54.45
6.43,5003,2231,1404,10,74.8,49.14
9.19,8110,1599,2067,10,71.3,69.77
5.34,8519,2511,1927,2,86.3,71.11
5.66,2431,1663,2117,5,67.6,61.53
7.96,7459,2113,2709,8,84.1,71.31
6.41,8042,1344,2532,1,52.0,76.42
6.99,7355,1184,1751,5,66.6,64.13
6.75,5560,2127,2282,7,84.6,64.39
7.51,6381,1676,3094,8,90.8,66.09
9.11,7469,1204,1701,5,62.7,73.31
7.14,8272,2216,2287,9,61.3,67.69
7.97,9814,2848,2084,7,78.8,72.48
3.92,11243,2556,2162,1,64.5,71.27
6.93,7117,1897,1222,3,68.8,70.09
5.74,6632,2004,3046,10,82.5,61.93
5.17,9313,2355,1735,1,65.5,66.46
5.68,9833,2449,2816,2,48.4,76.91
6.5,6697,1863,1827,4,56.4,66.58
8.37,10371,2014,1825,10,72.1,76.27
5.01,10939,2120,2928,8,49.6,66.48
7.05,11875,2222,2796,2,68.4,85.96
6.27,13335,1947,2325,4,55.3,78.63
6.51,5401,1952,2657,10,91.7,55.8
8.5,8042,2552,2027,3,98.0,75.1
7.81,8034,2484,2195,6,59.3,73.48
9.01,7706,2191,1803,5,75.1,77.22
6.77,6052,2688,2742,8,60.5,61.51
5.96,3543,1845,1784,8,68.3,51.16
6.66,8278,2649,3091,9,93.6,59.37
7.36,5695,2217,2010,2,66.4,76.79
7.26,8258,3308,2212,5,68.6,68.79
5.37,5618,1523,2655,7,60.7,55.71
7.14,4701,1724,2214,5,85.8,67.74
7.34,8703,2168,2021,7,45.0,72.47
10.78,8453,2159,2182,7,66.7,82.29
9.82,9738,2780,2736,4,71.4,86.24
5.72,14558,1733,1802,2,64.1,79.75
6.57,8832,2362,2124,10,82.4,67.61
4.8,9455,2465,2206,9,86.4,55.95
6.11,4767,2282,2719,9,55.1,54.8
7.47,4139,1616,2140,3,97.1,62.08
8.81,12748,2563,3285,4,54.9,92.83
5.91,5230,2492,2106,4,87.5,66.9
6.02,4868,2240,2057,1,73.8,68.2
3.78,7883,2082,2097,2,66.0,67.17
6.76,7729,2090,1410,4,67.1,71.32
5.41,5292,1969,1578,10,71.6,54.75
6.21,7085,2256,1882,3,74.5,67.12
5.68,11688,2012,2881,6,61.0,70.65
6.86,5582,1661,2180,6,69.2,72.54
4.36,3819,1581,1909,4,62.8,56.64
4.8,10828,1699,2936,10,57.4,64.25
10.19,9477,2089,3131,1,62.2,97.25
5.07,6138,1989,2953,9,58.2,61.93
5.35,3253,2086,1688,8,67.0,47.1
9.76,5766,2200,1903,4,77.2,74.19
11.36,7836,1749,3288,8,73.4,78.84
5.24,11497,2586,2345,5,95.7,59.13
6.45,4890,1893,2039,10,45.5,52.98
7.51,7746,1827,2631,1,77.6,83.91
9.59,10025,2193,2804,1,72.1,95.61
5.52,856,1265,1857,6,81.8,43.56
6.63,11101,1684,2332,10,80.6,62.28
8.17,4453,2392,2756,1,70.0,75.46
7.65,8996,1305,1504,8,74.1,65.43
6.44,8740,2447,2207,10,63.1,61.57
6.8,11254,2604,1531,5,79.4,65.77
4.94,9653,1852,1610,9,49.5,58.21
6.64,868,2117,1862,8,81.3,49.2
6.6,5646,2448,2486,3,71.7,70.18
7.35,8415,1813,2007,9,66.2,61.76
6.17,7415,2347,1811,7,69.2,65.31
7.71,9433,1732,2231,1,70.1,83.8
8.52,10368,1809,1512,6,87.6,76.17
7.23,9825,1680,2457,7,110.8,66.77
7.53,7357,2137,2879,9,86.6,67.27
7.08,2461,2463,2152,8,65.2,59.59
7.0,6634,1926,2078,5,79.6,72.19
5.92,9249,1492,2424,3,80.1,77.63
7.47,4729,1567,983,2,60.9,68.91
6.85,9894,2158,2522,1,56.9,88.31
10.14,10725,2738,4061,7,71.2,76.19
9.36,8381,2157,2126,10,81.7,69.76
7.58,500,1845,2129,1,52.7,67.74
5.86,4166,2306,2646,8,63.3,62.16
5.33,13659,1904,3187,6,78.9,72.23
8.79,6360,1849,2785,2,72.5,87.4
7.39,2048,1617,907,3,89.0,57.94
7.72,11706,2563,2538,3,55.1,86.75
4.38,8040,1000,3743,7,100.2,53.97
8.39,11315,2319,2573,3,53.5,90.01
7.68,8831,1815,1507,9,47.7,60.26
5.33,9376,1836,2369,4,71.3,69.14
6.29,9089,2677,1432,2,58.4,65.49
7.4,10092,1714,2940,1,71.5,93.05
7.08,14832,1728,1626,5,71.1,77.15
6.56,10913,1948,2245,5,69.7,80.88
6.84,3259,2166,1685,8,61.9,54.3
6.62,9340,1823,1872,5,77.2,71.48
7.23,11424,1370,3092,2,68.2,85.94
9.21,11608,1654,2262,3,85.2,91.01
3.15,6720,2513,1864,6,69.8,56.82
6.64,11495,2030,1513,4,60.4,79.4
7.26,10783,2180,1077,7,51.7,69.67
7.44,15718,1895,1449,10,69.9,71.02
6.44,5750,1736,2267,4,56.8,68.48
4.36,6478,2671,2788,6,55.8,57.32
7.49,7082,1925,1864,9,78.3,64.0
9.59,6529,1823,3142,3,50.7,82.64
4.7,5330,2438,1769,6,88.9,51.33
8.3,500,1711,2057,4,73.9,60.85
6.51,6696,1762,1552,7,71.5,65.33
6.91,9108,2004,2794,8,59.6,76.31
5.42,6520,2000,3459,2,81.2,79.78
6.5,13806,2104,1143,2,72.0,72.83
8.95,8040,2837,1992,1,63.8,90.1
7.87,11873,2134,2959,1,74.4,88.53
9.6,8784,1049,1332,1,51.8,76.52
8.77,10479,2131,2540,8,52.4,78.11
7.66,8838,2015,2933,10,58.6,77.26
9.62,12106,2017,2247,5,76.2,87.1
7.66,8168,2098,2530,9,72.0,70.55
8.24,9488,1989,3257,8,84.6,76.8
6.56,9099,1979,3369,9,61.0,68.34
7.1,7135,2245,2163,8,78.9,68.59
5.95,9215,1783,1881,2,70.6,79.59
8.48,14703,1621,1648,6,60.7,81.92
5.23,7189,3210,2786,6,76.6,59.87
8.17,9258,1714,1377,7,71.2,64.37
6.71,11773,2040,2048,8,64.5,68.74
8.76,11421,1402,2262,2,72.5,89.2
8.13,8035,2047,1898,7,70.4,73.08
9.73,850,1627,2368,9,70.2,57.29
8.1,9550,1823,3739,2,67.0,88.84
4.64,1342,2418,2127,5,56.3,52.75
6.9,12410,2189,1939,9,72.9,69.76
5.24,8508,2227,2809,1,62.4,81.69
6.22,10999,1292,2344,2,59.8,76.53
9.27,5294,2735,3064,9,69.1,68.99
7.96,3342,1523,2299,2,80.8,67.39
5.95,8782,2611,2051,8,74.2,61.28
5.48,7899,2409,1130,10,65.6,44.8
7.05,6525,2231,1228,5,65.1,62.58
5.18,8254,1658,1099,5,79.6,59.25
5.99,16302,2061,2428,5,45.0,81.78
7.47,10504,1812,1383,4,81.6,71.0
8.73,11148,2012,2953,4,49.5,86.65
7.91,10532,1900,2218,6,55.0,80.51
3.56,12438,1185,2053,9,65.8,58.4
7.46,7430,2449,1694,10,98.0,56.95
7.11,1836,1968,2573,9,92.1,56.39
7.62,7434,1806,1717,2,80.5,76.61
9.42,10435,1776,1609,4,76.3,82.14
3.91,5091,2143,2913,8,49.7,53.93
6.11,7471,1642,2413,6,73.9,65.43
7.89,5925,1098,2059,4,65.4,72.41
4.63,12506,2163,2585,4,62.2,69.43
9.21,10248,2208,2205,2,73.9,93.81
7.55,9955,1920,2430,4,66.3,85.07
8.27,9865,1541,1710,5,82.4,75.9
6.14,7888,2036,3442,5,48.8,69.67
8.22,8593,1414,1852,6,72.9,70.07
8.6,4444,1589,3134,3,61.5,83.41
7.35,1441,1700,2087,3,67.1,65.07
7.35,8450,2338,2684,9,75.7,69.98
7.41,8972,1855,2641,5,58.6,77.61
5.7,11628,1821,2888,3,74.0,80.58
6.78,12714,2782,1696,7,69.5,62.69
6.77,12710,2141,2845,6,64.1,80.16
7.58,5006,2136,3308,6,66.4,74.68
8.5,6943,1852,2045,3,70.1,82.36
5.41,9441,1761,2221,8,62.8,63.0
6.81,15596,1125,1886,2,72.1,75.76
9.22,12440,2387,1992,9,68.7,77.12
5.88,11358,2179,3227,5,64.7,78.55
5.77,6837,1928,1597,5,91.1,61.49
7.3,5350,1945,1635,4,77.0,75.16
8.27,10367,2294,3167,5,67.4,83.89
7.02,4698,1378,2575,7,73.8,65.26
8.99,7285,1764,3472,5,59.7,80.51
8.29,7656,1545,1930,2,66.8,83.63
8.26,12779,2709,2276,6,68.2,80.01
7.83,6936,2350,1804,3,57.0,74.25
10.49,682,1119,2286,2,76.6,63.79
6.69,9513,1394,1136,9,65.9,54.65
3.99,5903,1947,2611,4,67.7,62.86
9.41,8128,1811,2394,6,65.2,83.36
6.31,7740,1470,2165,2,107.5,65.87
7.16,7179,2778,1966,4,64.0,70.76
8.96,10371,2125,1663,4,47.2,79.14
4.6,3401,2190,2637,2,52.8,62.88
5.12,6449,1723,1497,10,81.1,45.23
4.6,10052,2289,2507,4,88.0,69.54
5.81,6158,1848,3445,6,63.8,67.79
7.66,3174,1887,3091,6,87.3,63.66
7.79,10006,2244,1297,5,80.9,72.84
7.41,11369,1348,1878,6,69.7,70.18
4.88,7865,2639,2453,6,68.9,58.58
3.53,2117,2073,2158,1,74.2,61.31
7.08,10118,2512,1360,7,82.5,65.21
6.29,3020,1570,2431,2,76.8,59.67
7.69,8926,1631,2194,5,63.9,76.21
8.05,5338,1535,3349,4,69.9,79.72
7.21,4520,2100,2048,5,95.8,62.06
8.14,6674,2026,2901,1,75.0,92.49
7.34,7450,1814,1440,8,82.4,60.45
7.8,6067,1594,1583,5,78.5,69.08
5.94,9766,1493,2633,1,75.3,84.26
6.73,6662,1981,2850,1,73.3,84.21
7.3,10941,1814,1626,6,82.8,68.69
8.23,8844,1726,2214,7,80.6,71.71
6.41,5907,2619,1371,6,75.2,61.51
7.78,5402,1967,2091,8,63.7,64.93
6.6,3058,2508,2702,8,76.6,59.2
6.82,8872,1787,1939,9,71.2,64.64
8.24,6936,2098,2051,10,68.3,67.55
4.01,883,1978,1522,9,104.1,29.89
5.06,6393,1321,1811,8,53.5,49.74
4.78,5297,2571,3255,5,83.5,57.42
3.5,12727,1946,2244,6,61.6,65.82
5.98,2892,2299,1599,7,73.6,52.47
8.12,3676,1699,2011,2,102.8,70.65
6.57,11330,1934,1242,7,60.5,67.66
7.3,12070,1653,1592,6,63.3,71.07
8.63,5765,2494,3016,6,71.8,76.01
8.99,6104,2125,2115,9,61.8,67.25
6.9,9849,2147,3334,7,82.6,79.48
9.03,1019,2543,2143,10,65.6,55.25
7.14,2416,2463,2178,10,79.8,49.22
5.74,7158,2306,2585,9,56.0,62.05
6.11,12650,1431,596,3,50.3,66.68
4.78,6693,1722,2323,2,69.3,64.83
5.67,8303,1598,2171,3,53.2,68.27
6.46,11401,2291,3092,8,90.2,73.91
8.21,14321,2068,2779,9,53.6,78.02
9.58,6269,1444,1520,9,59.5,59.1
4.93,7949,1925,2945,7,77.0,67.39
7.59,13466,1402,2043,7,65.0,71.87
5.44,3433,1979,1657,10,53.8,44.63
7.71,11083,1338,2318,7,96.5,66.75
6.8,4945,2212,2078,2,60.0,75.89
4.25,8307,2151,3123,6,69.6,61.48
8.39,7272,2763,2404,4,69.5,74.43
6.09,5126,2339,2323,7,80.5,59.7
6.2,5051,1831,2740,7,77.5,68.12
5.4,8829,2327,2856,3,62.1,78.49
6.02,10987,1441,2670,3,68.1,76.22
7.64,7611,1615,3052,1,69.3,91.3
6.72,8210,2133,2565,3,81.0,74.41
7.49,9714,1137,2301,9,58.0,67.67
7.54,5085,1985,2944,7,96.2,69.21
8.98,10219,1592,2145,10,62.9,71.64
6.49,10458,2041,2220,10,71.9,69.64
4.78,15811,1569,3233,9,58.1,62.73
8.6,6872,2170,3173,2,56.4,89.81
6.5,6626,2008,2195,4,61.5,67.97
8.67,10307,2560,1928,1,60.4,89.54
7.58,10457,2003,3078,1,67.0,93.21
6.8,6395,1693,2680,3,60.3,79.57
7.52,6791,1901,2389,3,80.3,77.94
9.93,9623,1462,2007,1,62.6,93.64
10.12,5517,2162,2399,9,61.3,71.78
7.1,6768,2236,2187,6,67.3,70.03
7.24,8269,2988,1801,7,83.9,64.21
8.61,10988,1751,2277,7,74.6,82.05
5.73,6186,1893,2359,10,70.8,58.93
7.5,2473,1770,1975,2,54.8,62.18
6.96,2250,2085,2742,4,58.3,65.15
7.47,4222,2153,2973,4,56.7,78.46
5.75,4060,1979,2782,6,87.7,57.78
4.62,7536,2435,2034,6,78.4,61.55
3.89,4433,1753,2653,8,61.7,54.17
5.32,5892,2394,2247,6,65.2,59.37
6.31,5678,2215,1459,3,62.1,61.76
6.56,6678,1995,2604,6,61.4,70.14
9.91,11968,1874,2288,10,77.5,81.85
8.66,9986,2971,3756,6,68.5,78.32
5.56,8048,1673,3074,6,97.0,63.84
7.52,6617,2119,2627,2,87.0,76.76
6.39,6700,1700,2350,1,87.7,78.56
6.57,8983,2714,2298,3,80.1,73.22
7.28,9753,2355,1598,1,66.9,81.35
7.93,5277,1729,1157,5,79.2,69.49
6.49,8109,2205,1676,9,67.8,64.18
8.6,1905,2103,2171,5,91.6,62.67
5.29,8635,1793,937,7,76.9,54.34
7.01,10286,2303,1873,9,75.1,70.75
10.9,7160,2156,2051,8,73.5,73.18
7.33,13450,2086,2071,7,92.9,67.77
9.15,5356,1983,1803,8,54.8,63.72
7.14,8652,2172,1995,3,94.1,72.45
7.87,7893,2092,3234,5,69.8,78.52
6.91,7699,2024,2597,4,55.1,71.94
6.74,7657,1744,1864,8,63.0,61.84
5.83,8321,2678,2159,5,52.2,63.06
7.65,10544,1580,2183,10,79.8,66.18
5.72,12133,2171,1739,2,59.5,82.66
8.0,7993,1872,1739,2,74.0,80.89
8.63,10446,2704,2806,8,85.6,74.79
7.55,5895,1639,1948,8,63.9,65.87
6.57,10298,1706,1543,7,68.8,68.32
7.68,5714,1612,2174,4,56.4,73.46
6.54,11272,2129,2271,1,67.3,86.84
8.4,14632,1451,1016,4,102.9,72.46
4.25,7634,1809,2176,5,81.3,70.15
6.5,1422,1139,2721,5,68.8,59.97
4.01,6356,2096,2471,10,64.7,49.76
4.76,11696,1800,3538,9,71.5,67.08
9.05,9659,1405,2951,8,73.6,76.95
8.34,8747,2434,3069,1,67.0,92.87
5.92,11026,1477,3880,2,78.4,76.66
4.75,9453,2319,2655,5,60.6,67.2
3.0,11653,1720,2298,7,60.5,60.74
6.18,10758,2641,2784,7,76.4,73.07
10.63,12565,2300,1864,3,58.0,88.53
7.65,9076,1597,2265,2,80.7,84.71
6.16,10716,1633,1811,4,71.8,74.99
7.7,7079,2242,2439,8,50.1,69.04
4.66,6196,1895,1809,10,73.3,48.97
6.55,13120,1932,1788,10,51.8,66.92
7.15,8649,2509,2448,6,80.3,74.71
6.87,10415,1701,2117,1,69.0,84.74
8.19,8371,2037,1043,10,94.2,60.97
7.52,6240,2382,1327,2,84.9,75.61
8.0,8033,2324,1512,3,59.3,77.62
5.97,12308,1936,1670,10,47.8,61.39
8.35,9666,1884,2449,6,62.9,84.46
9.44,2866,1304,2331,2,57.3,73.73
5.54,7354,1578,2839,6,93.9,61.27
5.67,13347,2127,2652,1,71.9,85.19
9.0,7359,1945,2843,4,83.2,84.67
6.71,2599,2030,2565,10,68.6,61.4
9.11,13679,2416,2326,3,69.8,91.15
6.34,10047,1525,2860,9,71.6,67.19
9.18,7790,1906,2752,6,85.3,82.78
7.2,6886,2075,2426,7,75.7,71.04
7.39,11247,1718,2963,8,59.3,80.86
9.35,6374,2573,793,6,91.5,61.87
6.46,11445,2363,2026,1,68.5,83.12
5.59,9627,2116,2017,10,66.5,62.43
6.33,8734,2718,2892,5,45.0,70.92
7.68,8437,1400,3143,7,79.6,70.68
4.65,7475,1997,1330,6,73.2,61.13
7.96,11137,2147,3047,7,73.2,83.1
6.19,5404,1634,1497,4,67.2,67.78
8.72,3134,2120,1515,9,65.1,60.88
3.41,9843,1557,2059,3,67.6,65.54
5.82,9894,2276,2009,7,77.6,69.59
4.47,9441,2423,1265,6,79.7,55.84
5.76,9223,2109,2590,6,69.2,76.32
7.37,7038,1259,2608,1,83.4,81.08
6.73,10362,1613,2832,4,71.1,84.81
6.62,7863,2226,1940,1,65.9,80.99
6.76,6539,2008,2176,6,74.4,67.82
7.31,7064,1000,2182,7,55.7,63.25
5.49,14062,2497,3213,6,74.8,73.06
8.06,2795,2055,500,8,53.5,51.83
7.99,9499,1672,1626,4,59.7,83.18
7.58,2963,2398,2203,4,47.8,66.9
7.83,7675,1729,1549,5,69.9,70.38
7.44,6699,1725,2045,3,91.3,78.56
10.05,1745,2143,2124,9,70.6,61.49
6.87,9167,2712,1805,9,79.7,57.71
6.54,6860,2649,2239,5,100.2,60.25
5.87,1702,2144,2577,8,76.8,57.42
5.45,10519,2185,2058,1,62.8,86.04
5.13,12305,2317,1928,2,64.5,79.04
5.67,12470,1497,2101,3,72.0,78.42
6.89,9077,2258,2196,4,64.4,82.04
7.5,8138,1706,1156,3,65.3,76.98
7.08,11984,2127,2477,6,83.8,77.54
5.85,13047,1909,1929,8,84.3,67.14
8.35,11401,2200,2957,5,52.2,88.19
8.11,5175,2047,2555,5,62.2,73.86
6.76,8604,1000,2902,1,66.4,82.99
6.02,9319,2072,1593,3,79.2,78.39
7.82,2571,2257,1977,9,85.7,54.06
7.28,9408,2178,1455,9,104.4,60.6
4.83,14819,1959,1777,2,66.4,77.5
6.9,9920,2657,2951,1,67.0,84.71
7.39,12420,2125,3092,9,79.1,71.11
5.65,8549,2175,1511,2,63.8,77.32
7.28,7780,2418,1925,6,70.3,68.61
4.82,9144,2145,2154,9,67.0,61.39
9.0,5553,1641,2551,8,45.0,67.34
8.87,5109,1025,1144,6,73.5,65.71
6.62,11799,1809,1238,4,69.8,76.88
7.55,12117,2304,2494,8,87.3,71.79
3.39,5027,1859,1031,7,72.1,41.96
5.27,10904,2320,1932,9,56.9,60.31
6.56,7739,2059,2297,6,68.9,73.69
5.39,9019,2515,2449,10,46.9,58.04
8.07,9381,1882,2115,8,57.5,75.24
10.0,10983,2187,1981,1,79.6,91.94
5.24,8248,2202,2707,3,69.0,77.38
5.74,12230,2601,2371,8,83.1,63.58
7.35,8928,1317,1812,2,48.4,77.62
9.42,9873,1817,2223,8,69.1,76.91
5.17,5500,2339,2430,4,66.3,73.02
7.37,14476,2618,3231,3,83.5,81.78
9.73,9409,2096,2672,6,80.1,84.81
4.52,10139,1883,2929,10,79.7,63.84
5.08,3175,2303,1834,9,90.5,42.81
6.36,5532,2347,1885,5,67.6,64.86
6.22,11714,1856,2059,1,88.0,80.55
8.22,8861,2132,2114,9,59.5,69.86
7.36,2259,2472,1595,9,59.0,52.37
4.34,11115,2756,2960,7,81.0,57.68
7.77,6369,2297,2730,7,53.9,76.26
6.13,12234,2018,2017,6,78.9,74.74
8.91,7736,1978,2585,1,73.2,93.6
6.06,8614,2223,2334,2,84.9,71.25
6.05,11537,1954,2632,2,71.3,81.66
7.81,5308,2076,1393,10,72.7,62.67
8.14,5021,1577,2113,1,78.1,89.78
7.67,7411,2519,2165,6,64.0,75.33
4.47,10482,1544,2574,4,63.5,74.74
7.81,4007,1827,1823,1,77.7,76.13
5.45,2996,2039,700,10,71.6,39.64
7.35,10471,2796,1551,1,67.1,83.41
4.86,6191,1831,2163,9,71.0,51.56
7.67,6823,1734,2238,8,91.1,61.41
5.79,2430,1780,3210,8,66.7,53.36
5.08,5963,2664,2550,2,66.3,71.04
8.07,7977,1000,2249,9,51.5,63.1
7.36,10791,1599,2181,6,71.5,76.22
6.08,5686,3093,2863,5,79.9,61.5
9.18,12972,2236,1846,7,82.0,74.52
6.34,5946,1558,2116,4,73.3,65.14
7.05,5951,1983,1546,3,83.5,68.72
7.4,12612,2027,3051,3,80.8,83.36
6.07,8634,2338,2435,6,85.4,66.6
7.71,6344,2736,1775,7,83.8,58.24
6.2,7535,2155,2131,3,90.8,73.15
6.38,12059,1784,2506,3,70.0,83.55
9.04,12399,2315,2050,10,56.1,69.67
5.44,5550,1721,1879,6,80.0,57.21
3.38,7873,1587,1807,9,81.4,53.19
9.42,8270,1296,2403,4,90.8,75.46
10.82,5041,1374,1985,3,87.4,74.24
6.39,7833,1641,1928,3,95.3,69.82
4.09,8016,1529,1398,6,79.4,57.62
6.53,11421,2125,2247,8,74.7,71.68
6.57,11622,1520,2091,6,55.4,70.21
6.72,7012,1000,2007,3,75.7,67.78
5.33,7358,1582,2319,10,65.4,56.91
7.87,9993,1811,2649,6,74.5,80.96
7.79,6244,1758,2621,4,72.7,73.22
4.76,9766,2608,2532,1,77.7,78.91
8.05,7736,1755,2056,6,70.8,77.75
10.08,5092,2352,1860,7,83.2,63.97
7.26,5129,1992,1574,10,45.0,54.78
6.49,12341,1983,1844,3,74.3,78.84
6.79,7531,1666,2212,2,86.4,71.82
7.92,12921,1976,1728,10,94.4,61.5
4.4,6459,1694,2258,6,80.8,55.68
7.25,8874,2068,1621,1,92.2,78.76
6.41,15178,1906,1203,2,74.0,73.15
9.77,4828,1622,2692,5,72.0,76.76
6.74,2307,2397,1915,7,78.4,57.41
9.5,11860,2171,1698,3,72.0,89.69
5.34,5520,1821,1544,4,62.6,62.27
7.88,7938,2058,2454,8,65.8,68.96
7.48,6242,1966,3025,10,58.7,69.85
5.7,8804,1653,1958,5,78.3,68.12
7.27,5148,2028,2071,5,72.1,71.28
8.82,7460,1752,2843,4,67.7,91.01
6.51,9349,1622,1114,2,65.2,72.81
4.46,4975,1351,3380,1,78.1,57.86
6.97,5900,1857,3666,9,81.4,61.68
5.65,6958,2227,576,1,58.4,68.27
6.49,3714,1722,2141,9,56.5,54.65
6.88,6732,3008,1769,3,83.5,61.55
4.44,8356,2354,2041,7,55.5,54.86
4.58,6801,2522,1949,10,78.6,47.12
7.72,7186,2318,2687,8,91.4,64.04
6.22,7940,2741,2132,8,91.4,59.37
3.15,6033,1685,1653,3,80.9,53.92
8.18,10073,1000,2097,6,80.5,70.76
7.41,12308,1822,2509,7,99.0,70.99
5.93,6607,2223,1490,5,45.0,62.52
5.02,9456,2061,1212,1,66.4,74.86
8.25,7281,2110,3396,10,82.2,71.03
7.52,9096,2528,1815,2,68.0,80.99
10.57,12697,2153,2118,10,86.9,72.94
7.63,9526,2320,1961,10,71.5,64.36
7.58,2680,1624,2529,1,73.6,71.51
6.75,9362,1562,3264,8,68.7,71.45
8.23,11699,2646,2548,7,65.7,84.14
7.94,7335,2040,1289,3,65.4,73.81
8.88,10987,1751,1370,9,75.3,70.73
6.22,5930,1751,1961,2,62.7,72.55
6.35,3543,1740,2039,3,83.4,62.93
6.28,8424,1716,1167,10,79.8,58.58
8.19,2731,1487,2692,8,85.2,59.13
9.25,7281,1400,1548,2,58.5,79.12
6.31,11861,1922,3096,2,51.6,87.99
6.36,2271,1763,3292,3,71.9,73.48
7.47,4162,2443,2051,1,106.8,72.61
6.63,4904,2117,2463,2,87.2,71.82
8.43,7810,2106,1461,6,65.3,74.83
3.62,6903,1703,2574,1,77.1,68.06
5.76,12197,1952,1901,3,80.7,76.34
5.83,10863,2144,1548,4,55.6,70.06
3.52,9486,2286,2026,10,88.4,53.15
5.55,8437,1962,1921,10,70.0,60.43
5.63,9180,2432,2005,9,70.9,60.76
6.7,5414,2003,2770,4,72.3,70.31
8.67,10572,2317,1729,6,85.7,77.13
6.63,4664,1804,3241,6,62.9,63.19
5.45,10506,1275,1405,9,51.5,53.82
6.91,11558,2107,3169,8,75.9,74.23
8.57,8633,2290,1590,10,47.5,66.71
5.54,7471,2230,2199,6,68.4,71.64
5.63,9201,2169,1906,10,86.2,59.85
7.84,500,1861,1994,8,78.9,58.91
6.67,8907,1677,2681,8,84.5,70.25
7.97,7660,2221,3100,7,79.4,79.1
6.98,7848,2171,2914,4,100.9,80.76
8.05,10120,1776,1957,7,64.9,75.42
5.45,7776,2444,2311,4,76.8,65.59
6.98,4579,1647,1731,7,66.7,62.51
6.68,7576,1767,1605,3,83.5,71.15
5.18,8203,2655,1512,8,71.3,55.76
4.65,8345,2347,1937,6,92.6,57.95
8.03,8486,1857,2350,8,65.6,73.2
6.47,11118,2115,1053,3,88.9,77.42
5.47,4742,2062,2172,8,79.1,52.51
6.86,8527,1000,3110,9,71.6,66.76
8.69,11870,1637,2873,2,78.5,93.06
3.58,2796,1980,1849,4,75.1,47.55
4.76,8539,1857,1362,7,76.3,56.07
5.62,6244,2099,2476,9,69.5,58.05
9.19,6888,2452,810,8,63.6,66.92
7.42,5286,1871,2866,5,68.0,73.61
8.15,7491,1577,2072,3,51.8,77.82
5.29,13524,2130,3299,10,82.1,60.48
5.32,4207,1869,1164,9,57.2,54.57
7.67,4491,1938,2751,9,69.4,65.95
7.09,4094,1883,2140,4,79.8,69.28
7.82,13182,2897,2001,5,82.1,71.78
6.72,6613,1104,1378,3,50.7,61.93
7.42,7923,1845,2557,10,70.9,73.52
7.24,6792,1999,2606,9,77.5,61.51
8.17,5167,1688,3271,2,72.6,82.63
8.21,7295,2360,2805,3,88.1,76.92
4.57,15375,2325,1844,6,62.1,63.89
3.63,12176,1981,1598,5,47.4,60.6
8.5,5441,1892,1379,5,81.7,66.67
8.78,9943,1955,3084,4,65.6,92.77
5.47,5505,1958,1733,7,50.9,49.6
4.21,2671,1969,3088,9,70.1,49.83
7.15,11059,1925,2515,10,86.8,68.69
8.4,11480,2101,2398,5,56.8,80.72
9.7,11138,2301,2016,9,100.0,76.1
7.77,6590,1508,2596,7,61.9,68.74
6.44,7500,1580,2191,2,73.0,74.5
5.66,10249,1301,1978,8,57.4,60.48
7.02,9174,2347,2618,4,72.5,79.2
6.55,6819,2100,2114,7,70.4,70.59
5.48,3143,2202,1721,8,54.1,57.25
10.07,8342,1428,2560,10,105.9,68.29
9.68,11237,2714,2162,10,66.1,75.56
8.7,4407,1756,2493,9,66.1,72.36
5.62,9916,2067,1928,6,83.6,69.52
8.28,8995,2342,1475,5,93.8,77.56
7.96,10250,1605,3241,5,85.5,84.52
7.66,10616,1781,3128,10,57.6,74.78
8.87,5917,2072,2730,3,74.6,85.1
7.95,3149,3143,1967,6,49.4,50.92
8.11,6399,2120,2020,7,82.8,69.93
7.96,10667,2643,3029,1,52.4,84.83
7.51,6374,2482,1988,7,62.4,61.34
4.32,5918,2147,1820,3,72.0,63.23
7.13,2536,1604,3323,3,77.3,66.04
6.17,13258,2424,2171,7,68.9,69.68
5.08,10477,1401,3261,1,90.2,77.76
9.52,10310,2640,1361,2,80.7,83.2
9.59,10903,2080,2511,5,79.7,84.03
9.04,9730,1000,3443,6,57.2,83.49
7.38,7267,1864,2218,2,92.4,77.3
9.03,7509,2262,2042,4,62.4,83.19
7.02,6717,1905,1499,4,92.9,64.19
7.3,15904,2286,2849,6,96.3,75.66
5.36,9668,1660,1738,4,78.2,72.45
7.6,6609,1478,2143,1,84.4,79.87
7.09,9396,1971,1459,6,45.0,68.48
5.05,4967,2013,3134,9,69.7,57.01
6.92,12514,1861,2893,6,85.2,74.8
6.88,6017,2491,2181,4,83.1,65.8
9.7,9503,1660,1508,5,57.4,75.65
8.34,11198,2125,3122,2,68.5,93.71
7.02,9154,2027,1980,3,45.0,80.64
7.37,8283,1377,1537,5,77.0,66.47
7.07,8032,1472,1143,6,49.4,63.12
6.7,7831,2005,1812,5,85.6,69.49
5.38,6270,2792,1327,10,86.2,46.93
6.77,6652,2232,1826,7,66.3,63.5
5.88,12439,1310,2647,1,78.3,77.91
5.12,7674,1000,1975,6,69.4,55.32
7.77,5643,2293,2413,6,74.9,66.73
7.59,6451,1962,1766,1,58.2,81.83
4.32,11301,2457,2239,4,79.5,67.04
6.82,10027,1648,3353,9,52.3,71.61
8.49,9681,2140,1991,4,50.0,86.99
8.59,7227,2338,2431,5,70.5,82.73
8.54,9720,1821,1261,3,69.5,78.1
7.06,6069,1830,3112,1,75.3,84.14
5.73,7221,2010,1914,4,64.2,71.51
5.37,10909,2217,2830,8,94.6,64.4
7.52,10623,1994,2126,10,73.9,71.79
7.57,5054,2390,2567,7,74.8,61.13
8.93,5433,1815,2603,9,74.4,74.22
8.65,8326,1469,1929,7,84.0,72.72
6.8,13178,2791,2855,7,78.9,68.6
5.13,2253,1758,1745,5,77.3,50.64
6.52,8835,1773,2667,1,80.8,77.73
7.33,3872,1974,1966,5,50.1,65.06
6.7,6097,2027,2410,9,50.6,60.98
6.13,6907,1845,1923,6,71.1,61.87
7.38,6738,1993,2230,8,69.6,71.27
6.24,6399,1984,1555,1,79.0,77.09
6.06,8022,2070,2349,3,72.2,76.31
7.47,6394,1057,2227,3,79.0,69.21
6.4,3613,2752,1876,4,57.1,60.53
7.37,10340,1941,2167,10,71.9,70.31
7.41,10259,2232,2280,5,55.9,76.22
5.29,10530,1449,1830,7,76.6,60.71
6.28,3378,1812,2123,7,49.5,55.76
9.16,8897,1731,1597,5,76.2,79.83
5.26,10028,2588,3607,10,54.4,62.3
3.83,4906,1766,2835,3,67.4,64.53
4.21,8028,2303,2364,1,82.7,65.79
7.04,7651,1740,2903,8,74.7,72.23
7.05,13526,1819,1012,7,52.3,67.64
6.82,13773,1902,665,3,63.9,83.11
8.82,3007,2514,1960,9,54.0,57.49
3.0,15482,1244,1373,2,51.7,61.16
7.59,5254,1474,2058,3,73.4,79.92
9.34,10942,1221,2323,2,78.7,87.3
5.31,10911,1565,2752,2,77.3,77.92
6.43,5013,1675,1517,8,79.2,51.66
5.87,9480,1354,2440,8,71.9,69.4
5.66,7677,1706,2209,7,68.7,60.91
6.51,9663,1194,2409,9,59.1,65.6
9.14,8692,1593,1888,1,66.7,87.09
9.76,11589,2480,3030,7,56.1,82.5
6.5,8226,2161,2138,2,61.9,75.01
9.86,7496,2075,3265,10,73.1,79.25
7.05,11288,1599,1726,7,70.6,69.81
9.63,9741,1386,2646,8,108.8,68.89
6.86,10195,1544,2164,6,55.9,76.94
7.2,6006,1983,2003,4,70.5,71.95
7.55,4864,2347,2579,7,54.9,67.19
11.77,6297,2361,2020,9,67.3,71.16
8.28,6138,2252,603,2,67.8,74.74
5.94,10359,1705,500,9,82.1,48.9
8.45,10928,2010,2963,8,66.6,85.59
6.46,7535,1871,2938,1,69.7,83.47
6.27,12293,1920,3332,10,66.8,70.11
8.36,12105,2815,2189,2,55.2,83.7
7.05,8730,1295,1424,7,64.2,60.18
7.42,5534,1906,1948,2,67.4,77.52
7.02,12726,2485,2207,2,72.9,77.87
7.5,7817,1414,1596,7,78.7,63.82
7.64,8378,1743,3189,7,69.2,77.67
4.09,6981,1788,3544,7,69.0,65.01
8.0,5331,1911,2487,4,51.4,73.25
5.53,3594,1362,2193,9,78.5,51.97
4.84,9899,2238,1423,1,63.6,77.5
6.91,5650,2267,3128,9,81.0,61.96
7.13,17179,2203,2246,4,87.8,75.09
5.96,4742,1652,2027,7,69.7,53.81
8.25,4228,2035,2489,10,59.7,64.9
4.99,9530,1640,1849,3,71.8,68.66
6.39,12588,1867,2288,5,76.2,79.79
6.12,8194,2861,1335,9,68.2,52.53
6.93,9717,2038,2852,9,65.2,72.08
7.42,2469,1525,2137,3,78.8,65.9
5.49,5967,2072,2895,6,78.0,63.99
8.09,4779,1459,2079,4,67.8,71.15
7.09,2315,1520,2118,6,52.2,60.67
4.16,8351,1584,1473,4,77.5,60.68
4.06,1272,1822,2656,1,62.8,61.42
6.98,4033,2375,1674,10,74.6,52.41
6.67,6388,2231,1908,7,73.8,58.63
6.84,5506,2209,2201,5,49.3,68.37
6.96,9189,1560,2273,2,73.0,81.24
7.34,8917,1783,1176,1,78.2,81.7
8.42,10681,2109,2062,5,79.6,83.99
5.33,10257,1749,2677,7,73.4,69.19
5.24,11422,1889,1973,3,48.3,76.84
5.36,7994,2177,2065,8,87.3,58.42
7.43,8910,1860,2297,4,76.9,80.47
8.87,9535,2090,2124,1,57.6,91.48
6.35,8425,2637,1582,6,62.5,66.29
3.25,6808,1931,2178,2,74.8,63.3
4.44,7003,2472,2796,1,80.2,75.41
5.75,5547,2224,1569,2,66.1,74.23
6.16,9265,1413,1975,3,81.9,74.69
6.39,7718,1559,1371,6,50.5,66.85
7.06,6010,1667,2765,10,59.5,57.78
6.53,6013,1658,2145,3,47.2,65.21
8.57,4369,1964,1690,1,61.2,78.82
5.99,10937,2246,2255,2,90.1,77.74
5.71,8236,2502,1478,4,96.7,61.67
7.72,5412,2123,1580,3,74.8,67.7
4.7,10426,1822,1324,4,64.3,71.86
7.58,6319,1167,1560,10,69.3,61.81
7.15,3780,2028,3014,4,77.7,76.52
6.78,11064,2010,1760,7,53.2,75.07
9.38,6389,2073,2480,7,65.1,78.29
6.07,6773,2842,1698,2,89.2,61.8
10.09,8124,2496,2656,3,59.5,86.19
6.66,11428,2314,1584,5,63.0,80.01
5.08,8060,1615,2224,5,72.2,64.87
7.1,4403,1795,2232,1,75.4,73.55
5.39,9632,1962,3597,7,64.5,76.97
5.87,6545,1690,2578,4,72.9,73.52
7.6,13664,2200,1844,4,79.3,76.88
7.83,7997,2143,2611,7,95.5,71.34
6.07,1295,1565,3483,10,70.5,48.24
8.48,9072,2479,1222,9,71.5,67.0
8.74,13834,2041,1695,10,90.3,73.71
9.15,12728,1308,2058,5,65.4,79.63
7.79,13493,1979,1950,2,56.1,90.11
9.05,4941,2112,2000,3,75.0,78.84
4.18,10736,2389,1417,4,84.9,69.48
6.52,5834,1865,3042,4,76.3,74.83
5.7,8673,2331,1346,3,70.8,69.33
7.18,4181,2075,2080,2,54.6,74.69
6.14,6067,1474,2827,2,71.3,72.89
6.75,5971,1434,2182,7,86.8,54.7
9.82,10696,2449,1612,5,57.2,79.8
6.75,10402,2478,1391,1,69.1,78.72
7.62,8830,2129,2062,6,67.4,71.82
6.65,3949,2598,1746,9,63.6,52.1
7.11,7065,2423,2323,5,75.0,64.96
7.01,5762,2273,1359,4,77.3,65.08
7.67,10609,1635,2688,3,77.2,85.74
8.75,11535,2693,2269,4,60.3,83.81
9.47,11169,2215,2314,3,52.2,87.81
7.46,5734,1846,3065,10,75.1,64.9
7.88,500,1733,1937,10,65.9,49.1
5.27,2699,2103,1765,4,94.1,54.46
6.87,12265,1332,1871,10,94.6,59.26
8.41,6796,2280,2084,9,95.9,61.42
8.3,5748,1619,2145,1,60.7,81.95
7.32,12928,2148,1702,5,78.8,76.94
8.33,11795,1791,986,7,82.5,70.79
7.74,8073,1894,1863,5,81.1,81.88
8.8,7120,1697,2416,5,67.7,79.48
7.43,7604,1936,2282,5,87.3,73.2
6.47,8681,2756,2920,7,72.0,67.69
7.5,12800,2554,3373,3,73.5,82.17
3.0,9267,2142,2656,6,53.5,64.09
7.57,10178,1990,3030,3,79.7,86.43
3.0,11508,2338,2660,9,68.9,55.48
4.41,4491,2452,3226,1,77.6,65.28
7.68,10265,1668,3311,1,74.8,88.23
7.72,7116,1969,2771,1,74.2,81.52
5.26,500,1271,2624,4,71.5,51.57
5.93,1615,2449,2077,7,81.4,52.15
9.06,4946,2826,2175,10,69.6,61.47
6.27,9594,2032,1997,5,54.5,79.05
10.36,8341,1150,2573,2,78.8,86.35
7.0,8553,2244,1768,4,62.3,76.94
7.61,13853,1638,2085,2,56.1,89.94
9.43,4193,1735,787,5,59.7,66.25
7.2,7918,2251,3234,8,75.4,71.97
5.5,8913,2102,2068,1,70.8,78.64
6.84,5791,1805,2473,8,46.4,67.39
6.95,8085,1740,3075,3,67.4,82.34
4.95,3200,2050,2380,7,86.0,50.98
6.62,12230,1836,3067,9,66.6,75.56
5.89,5955,1556,1455,8,70.0,52.24
8.39,14094,1867,3638,7,84.5,83.43
7.05,7903,2136,2852,7,81.5,73.66
6.58,11084,1929,2326,2,84.3,81.75
6.84,7840,1435,3055,2,45.0,80.22
7.33,7908,2396,1499,4,92.8,64.6
7.93,6248,1000,2027,7,79.6,62.48
5.5,8357,1821,3067,7,101.5,63.67
5.44,8954,1752,1080,8,62.6,67.61
8.66,5647,2059,2536,4,50.8,79.62
6.38,7625,2225,2519,9,72.1,62.71
4.87,6170,2451,3382,5,68.7,61.14
7.67,14899,1715,1250,3,79.8,81.91
7.7,7731,2235,3166,8,84.9,70.88
4.7,12636,2078,1864,2,71.0,72.71
7.34,7413,1315,1932,5,69.1,70.67
8.1,8778,2760,1467,8,78.3,66.86
7.56,4036,1424,1547,8,68.9,58.53
7.95,6659,2168,2442,3,67.9,81.03
4.89,8632,2156,1533,2,84.4,69.26
7.5,12758,2110,2644,1,87.1,89.26
6.55,8666,1802,1802,1,85.0,78.87
6.28,12151,2331,1472,9,70.0,64.42
8.31,9922,1376,1883,8,46.3,73.52
9.22,12882,1974,2402,6,70.2,86.2
9.69,7823,1774,2034,6,62.9,76.36
8.97,15171,1729,2221,4,70.4,86.72
6.84,6544,2171,2618,2,63.9,82.06
7.53,5701,2431,2849,1,71.8,75.65
8.15,4370,1863,2014,7,59.5,61.5
7.18,14993,2312,1573,1,56.6,85.36
7.2,10458,2020,2246,2,86.7,88.77
8.24,6998,1643,2482,8,60.4,67.44
6.91,11747,1897,1324,6,72.0,72.44
5.91,10063,1880,1666,5,83.5,69.12
6.38,13898,1721,1768,3,83.0,74.66
7.95,3357,2171,2075,2,81.5,73.39
7.0,7204,2094,1743,5,75.6,66.63
7.51,6612,1364,2624,4,80.7,69.44
8.01,2079,1339,1237,6,88.5,52.31
6.44,11181,2170,1252,2,77.1,76.34
8.13,7189,1674,2000,3,50.0,74.12
7.57,10219,2121,2095,2,65.7,89.59
5.15,15079,2312,1327,5,80.4,63.61
9.16,6940,1492,1836,3,64.5,78.9
6.25,6737,1435,1959,3,91.4,66.83
4.52,8356,2670,1964,6,71.2,58.75
5.43,10962,2141,2291,5,73.0,75.63
5.47,6300,1832,1803,3,85.5,62.53
7.08,6107,1626,3087,7,69.8,65.45
6.59,11172,1796,2493,4,74.1,78.8
6.49,9136,1524,1716,4,82.8,70.61
7.93,1866,2353,2257,5,54.3,60.12
7.51,4324,1689,2274,2,68.6,70.53
7.47,12504,2437,2929,5,81.9,80.77
7.61,9206,1840,1840,6,72.8,72.89
7.92,5713,1583,2660,2,89.6,72.61
3.84,7489,1829,2225,6,53.1,62.01
6.45,8040,1000,3095,1,51.7,75.35
3.73,10207,1952,2975,7,81.2,69.2
7.05,3925,1932,2318,1,82.4,74.27
6.99,5477,2330,2043,2,69.7,74.52
8.57,8819,1245,2504,4,76.8,79.51
8.78,7700,2465,2092,7,80.9,64.22
7.3,9716,2328,3208,8,62.2,72.93
6.25,4311,2501,2247,5,63.5,62.42
7.73,9071,1979,1957,2,74.3,85.81
6.21,11275,2406,1924,4,82.8,67.3
7.0,9460,1412,1472,8,58.0,64.32
8.48,8417,2285,2534,1,69.6,86.4
6.16,7712,1692,1708,8,69.1,62.34
8.21,5495,1339,2859,4,77.0,74.57
8.02,7784,1550,1424,1,71.9,81.91
5.57,11779,2002,2276,7,65.4,74.91
8.46,7643,1670,2890,1,87.0,88.37
8.05,5331,2150,909,4,65.5,72.09
7.15,6523,1277,3411,2,68.5,77.27
5.86,8603,1149,1945,6,52.9,70.68
5.71,6879,2549,2285,1,63.4,70.12
6.19,9456,2362,2543,1,78.2,80.06
7.81,9569,1580,2636,6,75.8,80.9
5.57,10667,1999,2364,10,79.2,66.35
7.66,12271,2408,2798,1,78.6,90.43
5.14,10988,2168,2511,5,97.1,71.35
6.69,5197,2059,3257,9,63.0,58.95
7.16,5289,2438,2513,3,52.6,77.03
10.67,7773,1708,3379,5,59.4,83.9
4.93,6646,2012,2741,9,63.6,64.52
9.21,4585,1993,1117,8,60.3,58.89
7.22,6675,1891,3767,3,73.1,81.57
7.62,6576,1844,1855,8,87.0,62.19
7.18,5984,2029,3097,7,90.5,70.96
7.67,7053,2014,2216,6,78.1,74.19
6.77,11535,1581,2837,5,97.7,76.05
9.18,8598,2321,1787,10,67.7,67.14
6.32,15415,1609,2575,9,52.4,67.04
8.7,8512,1913,2048,10,84.6,69.02
6.03,7130,1882,3147,7,49.9,69.72
6.91,8012,2143,2463,4,62.9,81.26
5.39,8769,1152,2762,2,78.2,73.23
7.68,9306,2356,902,2,70.8,73.92
9.17,14230,1729,2149,10,69.7,75.33
6.88,5464,2488,2446,4,57.8,77.5
6.7,10577,1809,2334,2,71.9,88.73
5.33,8623,1980,2777,3,84.0,66.74
6.66,3287,2766,1980,1,72.2,66.24
4.61,10312,1889,2229,6,62.0,71.57
5.63,11803,2496,2909,6,57.0,71.73
7.34,5428,2016,833,4,62.3,66.03
8.98,7973,2166,2554,8,76.7,75.83
11.21,2824,2028,2000,5,76.1,72.42
6.12,4224,2339,1653,10,62.4,46.77
9.15,11144,1726,2402,8,45.5,81.59
7.37,6601,1606,2936,1,77.0,81.97
6.77,4674,1745,2823,3,61.2,71.01
7.65,8688,2040,2119,8,80.3,74.8
7.09,6433,1912,2725,6,62.9,68.89
7.17,6588,2284,2721,8,60.1,66.53
6.39,10218,2522,2148,4,73.8,73.2
4.9,4515,1610,1784,1,100.3,66.14
4.68,5284,1706,1819,8,81.0,48.18
7.98,8462,1426,2703,8,73.6,65.63
6.58,10908,2812,2175,7,76.3,65.49
6.11,11714,2122,1572,5,51.0,72.6
7.01,6005,2192,1189,1,58.5,75.61
8.19,10812,1464,2699,8,45.0,81.34
7.27,5648,2000,1872,7,92.8,67.37
6.02,13479,2204,2398,7,90.3,69.29
8.84,4599,1899,2944,2,76.7,81.14
9.37,11985,2430,1415,8,73.6,78.42
7.74,6031,2925,2173,8,53.4,59.53
8.46,14040,1621,2098,9,69.4,72.04
8.86,9774,1591,2428,6,93.5,77.59
8.7,4952,1649,2943,8,73.6,66.83
7.92,6433,2642,1402,5,65.2,66.68
7.9,10344,2417,2542,7,50.9,75.73
7.78,11158,1946,2819,7,88.6,80.87
5.35,7788,2015,2088,8,71.2,61.45
8.05,8134,1673,2118,9,50.9,64.01
4.97,10275,2356,2451,1,60.9,74.37
5.81,8395,1848,2407,8,56.7,66.36
8.96,4119,1896,2549,8,70.4,70.45
8.26,5561,2244,2537,6,74.5,71.18
9.23,8705,1925,1611,6,66.0,78.35
6.59,11646,1906,2794,8,81.3,74.16
5.27,12848,2004,2900,5,72.9,80.78
6.64,10339,2318,2312,5,84.7,72.21
7.15,8862,2659,1304,9,67.7,61.39
7.12,10246,2234,2131,8,108.5,69.34
8.7,6000,2321,2317,3,65.2,78.71
6.46,7540,1920,1513,9,61.2,61.1
7.53,5528,1717,1984,4,59.7,71.54
5.52,4254,2262,1354,2,69.5,58.94
7.68,9001,2068,2564,9,51.4,72.91
7.0,8557,1431,2300,3,75.5,76.54
5.88,10063,1869,1213,3,49.1,73.91
6.65,9638,1967,2411,3,73.9,78.55
6.72,8728,1796,2166,5,55.8,74.06
6.59,9670,2593,2510,2,67.4,85.41
9.66,7872,2192,1965,2,79.3,91.22
6.85,9239,2549,1719,4,99.6,72.72
6.63,5822,2105,1737,3,59.1,67.44
3.85,9109,2033,1877,2,70.2,72.06
5.66,10005,1625,2211,10,63.3,61.29
6.61,5991,2005,2289,6,61.6,69.95
5.97,8155,2005,2086,1,63.4,78.04
9.07,6129,1453,1946,2,81.9,73.21
6.75,6420,1784,1989,9,66.1,60.72
8.93,4625,1871,3705,3,99.0,81.1
7.09,11797,2165,1738,2,77.0,82.52
7.06,11197,2185,1865,7,59.9,74.25
6.87,9612,1767,4176,9,67.6,73.92
7.01,13917,2188,2453,4,62.4,83.36
9.58,7432,1927,1372,8,81.6,71.28
3.52,17095,1000,2706,5,52.3,60.21
4.0,7317,1806,1654,2,55.9,64.99
6.19,8766,2432,2745,8,64.9,73.92
7.02,6807,1327,2073,10,80.2,56.83
8.04,9117,2045,1936,10,86.8,67.9
7.71,10507,2634,3165,2,88.6,85.29
6.42,7658,1696,2540,6,78.4,68.63
8.53,13330,2001,2784,7,71.0,82.98
8.55,8717,1478,2461,1,81.5,87.31
7.28,8811,2651,1933,10,58.3,60.56
8.44,5273,1967,2567,2,49.9,81.38
7.41,9255,2019,2926,3,77.2,83.96
6.16,7598,2542,2281,10,59.9,58.68
8.05,6175,2265,3281,6,71.2,77.69
7.17,5671,1650,2710,7,73.4,66.64
7.0,16015,1741,2327,5,75.0,71.85
9.21,7210,2198,2351,8,83.3,74.72
3.32,3629,1750,2282,1,82.0,58.8
4.87,5905,1153,1449,7,74.3,46.19
5.22,7845,1979,2146,1,66.7,79.46
6.46,9640,1408,2333,2,73.3,74.73
6.62,9664,2647,1950,6,64.8,73.61
4.74,10030,2071,2403,5,69.6,71.99
5.52,6065,1638,2213,2,103.4,58.16
5.71,9021,1721,2664,8,74.2,67.36
10.69,5372,1244,2598,4,77.4,73.99
9.7,6141,1560,2300,9,63.5,67.59
6.38,5247,2407,1380,1,84.2,64.65
6.45,4435,2893,3274,3,81.1,66.04
5.28,11193,2291,2115,3,81.2,71.85
4.14,10066,1963,2151,6,74.6,60.65
6.82,10930,1827,1994,5,84.4,78.61
5.5,8118,1617,1907,2,87.3,69.01
6.87,10330,2824,3126,6,75.4,72.27
4.6,2716,1925,3032,10,70.6,46.5
5.86,10589,2846,2467,2,82.7,77.11
7.22,8531,2557,2135,3,61.2,73.57
7.55,9881,1304,2571,5,63.4,79.24
7.63,9140,1734,2244,8,71.4,70.76
5.02,5039,1732,2086,2,51.1,63.24
8.28,3506,1968,2403,3,81.9,71.3
5.8,5864,1976,1935,3,60.4,67.94
7.95,9695,3198,2351,7,66.3,71.13
6.98,10070,1569,2323,1,69.4,86.03
4.94,3896,2092,2562,7,72.5,54.53
6.53,5057,2247,1829,5,67.9,64.63
7.55,5830,1999,2626,4,71.2,80.2
7.92,6928,2044,1656,9,71.3,60.91
6.79,3914,1582,1856,9,66.6,54.6
9.3,3734,2043,1883,9,62.7,62.37
8.51,5534,2205,1557,9,85.0,58.37
6.62,8259,2131,2809,3,46.7,79.88
8.13,4458,2228,1619,9,69.5,58.78
9.9,7653,2565,1781,2,66.4,79.11
9.94,11176,2375,2953,4,77.0,93.12
5.16,4095,2029,1858,6,54.5,59.37
5.61,7381,1531,2087,8,66.0,54.31
9.23,11074,1760,1593,6,70.8,75.87
5.41,6745,1912,2700,6,84.8,66.98
5.02,6279,2101,2708,4,76.0,67.23
6.27,11490,1809,2643,6,57.8,80.2
7.63,7081,1626,2523,5,66.2,77.62
6.85,11313,1525,2244,5,82.6,75.01
6.02,9287,1340,1885,6,57.6,62.96
5.99,6971,1906,1711,7,71.1,64.32
5.93,9439,1412,2974,4,71.9,72.23
5.68,8961,1600,2659,2,67.4,82.61
10.42,11063,1842,1784,3,104.3,84.1
7.45,6355,1466,2224,5,67.0,68.34
8.33,8124,2152,2020,2,77.4,86.31
6.27,7815,2296,1523,2,62.8,80.4
6.72,10112,1780,2307,10,78.3,65.88
5.93,4924,1825,1951,3,82.4,67.07
3.02,11051,2215,1628,8,64.9,54.31
4.93,9399,1714,1313,2,71.3,70.61
4.28,4049,1687,1262,10,61.3,36.68
3.63,11625,2479,1977,3,58.3,66.58
5.21,14702,2354,2149,4,84.4,70.4
8.99,11006,2241,1675,8,65.4,82.87
6.93,12281,2370,2590,3,45.0,75.21
8.94,8256,1209,2161,6,93.2,71.08
7.62,3015,2542,2546,8,62.4,64.1
8.17,2468,2157,2090,1,69.0,74.85
5.65,8765,2404,1728,1,91.7,71.33
7.79,6224,2155,2268,8,70.3,65.88
8.09,5256,2020,1442,3,70.0,71.7
6.14,7812,1890,2524,10,57.3,57.27
7.84,9847,2147,1638,10,52.4,65.74
7.85,3642,1875,2751,9,70.0,61.17
6.18,6653,2347,1997,10,76.4,55.98
5.32,12530,1365,2838,9,75.7,60.96
5.22,4774,1783,1526,4,66.2,59.09
7.13,10609,2818,1793,10,72.2,60.53
7.49,6546,1750,2429,4,50.0,74.42
5.81,9637,1905,2902,6,77.5,72.91
7.04,11292,1647,3200,1,73.9,85.64
7.86,10224,2134,2225,10,95.7,68.58
7.93,10727,1705,3303,6,72.1,86.0
9.33,4545,1926,2026,10,60.7,65.4
8.92,11341,2340,2859,4,71.4,87.65
5.5,5442,1720,1635,4,68.1,62.29
9.53,8779,2315,2452,6,77.2,74.47
6.2,8775,2329,795,9,72.3,56.29
8.57,9455,2422,1527,6,56.9,74.38
7.1,9011,2056,2480,8,52.4,69.35
6.38,5469,3297,1413,3,75.2,55.9
4.29,3950,2422,2456,8,88.6,45.97
6.74,10617,2130,2744,8,73.0,77.25
4.66,8558,1650,1899,9,81.8,57.84
8.45,11448,1961,1619,1,84.2,85.13
9.28,7866,2571,1915,4,75.2,76.95
5.8,3785,2684,1621,1,62.2,61.93
7.45,10898,2591,2139,5,74.3,78.62
5.91,6889,2314,2261,8,86.5,59.62
6.06,9026,1498,2016,7,78.4,64.85
8.16,6058,2195,3205,8,81.0,72.79
6.94,12933,1503,1768,8,66.4,66.57
9.61,5370,1405,3035,10,69.6,71.68
6.28,6988,2096,1575,9,70.6,59.31
8.5,8322,2209,2244,6,71.4,75.93
7.15,4723,2361,2910,9,86.0,59.65
8.19,8992,2199,2879,1,45.0,93.63
6.33,12836,2213,1948,8,72.4,66.97
6.93,6529,1606,2533,6,71.0,72.1
6.83,9185,1958,2453,10,55.5,66.06
5.75,500,1397,1876,6,80.1,44.37
7.99,7883,1199,2570,2,63.3,83.64
7.98,7061,2296,3317,8,67.7,71.11
7.89,5545,1699,2483,10,94.2,62.27
9.31,11244,2349,2540,1,84.1,93.27
9.17,7021,2443,2603,1,78.9,84.03
6.44,7468,1752,1323,7,76.6,61.35
7.56,6868,2236,2476,6,70.0,71.67
6.06,2250,1736,1590,6,96.0,51.1
7.04,4604,1262,1846,1,81.6,73.87
6.1,10883,2049,3497,6,63.0,77.59
9.43,1670,1812,2048,6,55.2,67.3
7.55,5701,1824,1756,9,78.8,60.53
6.67,6801,2790,2892,4,71.3,71.72
8.79,13231,1390,1631,4,54.9,79.79
3.74,10306,2153,1932,1,77.1,69.84
3.98,6328,1602,2949,6,68.8,61.45
8.19,11914,2363,2226,7,78.4,75.58
7.09,5778,2119,1263,3,77.3,66.42
7.38,11027,2152,2526,8,64.7,79.54
5.01,3923,1622,1962,10,79.6,45.3
6.97,11220,1694,3124,2,66.0,87.4
10.01,6782,2371,1836,6,66.8,78.71
8.24,4914,2708,2831,7,65.6,63.27
7.25,7349,2192,3265,1,85.6,87.59
6.34,8832,1641,1689,2,68.6,73.49
6.41,6516,2136,2084,4,88.5,69.05
3.81,9662,2971,2433,2,93.4,62.14
7.39,6251,2041,1686,4,63.1,70.66
8.27,9861,2585,2362,2,45.0,88.41
4.64,9327,1704,2065,9,84.5,62.4
6.01,7817,1983,2053,6,67.9,68.7
5.26,6676,2248,2229,4,61.6,68.44
5.55,8455,2159,2243,8,64.9,65.45
7.08,9651,1693,2298,1,67.0,91.34
3.87,14185,1676,1841,6,87.6,53.25
7.92,10818,2395,1867,7,73.9,75.21
8.13,10928,2477,2129,9,87.4,67.34
6.62,17266,2605,2173,3,77.9,69.61
3.28,9548,2722,1937,6,68.3,55.82
5.51,9454,2054,2394,8,67.3,73.86
8.85,10112,1876,1111,8,78.7,71.04
3.0,4973,2540,1762,2,81.8,55.55
6.48,6668,2285,2032,10,84.0,59.86
5.23,6481,1607,1686,3,68.9,65.01
8.21,9943,1587,3178,4,74.1,86.87
5.99,7477,2197,2211,2,79.0,69.24
7.61,8415,1929,2306,2,67.4,83.21
7.85,11262,1989,1910,3,58.4,87.98
9.75,10589,2429,2191,2,62.3,90.52
6.7,7515,2304,1471,8,69.1,63.14
7.56,5990,2532,2098,6,79.9,66.37
4.77,11406,1227,1638,4,87.1,69.15
8.79,10322,2101,2034,6,55.7,80.94
5.86,3181,2278,664,7,64.8,53.87
6.16,7061,1389,1523,2,67.7,69.73
6.97,8497,1738,3078,3,81.5,86.17
4.66,10336,1664,2698,9,65.7,60.27
7.34,10730,2009,2991,1,66.8,94.09
8.45,8852,2651,3033,10,55.1,70.13
7.44,9756,2809,2604,10,77.8,66.24
4.62,8192,1674,1928,3,70.1,71.42
6.81,5978,2211,1578,4,64.2,70.26
8.11,7216,2224,2888,3,68.9,88.02
4.18,8057,2155,2239,6,85.5,58.39
5.39,7896,2160,3696,3,59.9,74.12
8.31,2343,2121,1981,8,61.9,61.75
7.41,6808,2675,3384,4,87.0,73.28
7.62,8169,2441,2106,10,72.9,63.75
9.79,7156,1576,3002,9,80.0,70.0
7.7,7260,2318,3218,5,76.8,81.2
7.99,9464,2357,1586,6,71.6,73.39
11.07,4763,2126,1909,1,67.8,86.98
6.68,3116,2453,1580,1,82.0,64.72
5.8,6955,2075,1462,6,85.9,62.74
7.64,10292,2080,2600,5,85.0,83.09
7.66,13063,2048,2082,4,57.8,80.57
6.21,10346,1193,2231,1,87.7,77.57
5.45,3595,1968,2534,9,67.7,60.99
10.46,7303,1733,1086,5,62.9,75.47
7.49,8770,1525,2972,5,70.0,82.26
5.9,8533,2574,1991,5,82.0,67.89
8.37,9618,2202,2519,5,78.5,83.92
6.84,5249,1988,2572,7,68.9,68.31
6.62,8195,1774,3022,8,82.1,71.06
7.84,9261,2118,2137,6,73.7,80.07
5.06,10477,2397,926,2,65.1,66.14
7.53,5583,1669,2234,9,63.5,63.98
9.87,6965,1998,2320,3,76.9,84.18
7.7,500,2347,1579,1,71.0,64.45
6.44,6136,1226,2288,1,55.5,75.97
6.24,6427,1977,1983,8,82.2,58.7
6.38,4941,1828,1394,4,66.2,60.61
6.62,8497,1946,2603,1,91.1,84.35
6.43,7832,1799,1862,9,55.2,57.32
8.37,1222,2055,1956,4,69.8,62.01
4.4,8647,2769,1922,10,63.6,53.78
8.29,5215,1870,2941,9,60.3,70.34
6.43,9457,2117,2175,1,66.2,85.74
7.57,4154,2798,2247,7,93.2,55.74
5.31,8090,1780,1936,7,73.7,58.22
8.99,7151,2726,2478,2,62.5,80.29
8.87,8909,2002,3010,4,50.1,88.26
8.44,8374,2713,2589,5,51.3,73.42
4.73,7235,2300,2612,2,65.6,73.45
8.24,3391,2123,2564,8,64.4,65.43
7.61,3568,1974,1372,3,69.3,69.6
4.59,6248,1750,1674,10,45.0,47.3
6.96,7975,2030,2077,9,70.9,67.92
7.55,6175,2359,1764,7,84.3,64.75
7.83,9876,1995,1561,2,91.5,81.24
7.27,7162,1873,1077,1,49.3,75.59
7.44,5105,1900,1392,2,62.4,74.0
9.21,7166,2397,2046,5,61.7,70.81
8.84,8678,2490,2158,8,73.7,75.51
3.0,8975,1733,1724,2,57.4,64.87
6.52,13635,1733,2247,8,92.2,68.77
6.75,5993,2152,1940,1,72.5,72.32
4.37,7780,2611,2854,3,70.5,67.5
7.14,9278,2458,2103,6,91.1,66.63
8.87,7930,1499,2618,9,71.8,74.94
5.37,6498,1894,2322,8,76.8,55.52
7.5,3352,1628,1359,6,63.0,57.14
5.63,6467,1893,2146,1,55.6,75.68
5.99,4779,2642,1459,3,64.7,60.07
9.22,2820,1431,2135,8,98.2,55.28
6.19,5613,1352,1753,1,79.6,70.35
7.69,4859,1669,2429,8,75.3,66.89
4.19,9751,2115,1395,8,60.3,60.45
9.79,9803,2248,2209,8,82.9,79.64
7.9,5288,2175,2543,3,55.7,76.87
6.73,7219,2470,2745,3,53.2,74.91
7.86,2425,1295,1741,2,65.3,65.11
4.89,6517,2475,2211,4,95.5,60.37
8.77,9197,1875,2310,6,94.8,77.13
6.51,10475,2293,3128,2,66.6,85.15
6.69,5861,1471,1311,6,63.9,62.49
6.26,11156,2002,1653,3,52.3,80.87
6.13,3453,2095,3883,6,72.9,65.67
8.04,4257,2462,2036,4,73.9,74.76
7.38,10129,1366,1065,10,81.5,57.06
7.98,13013,2012,1850,4,82.9,76.21
6.99,9480,1566,539,9,69.6,61.47
7.77,7879,2202,2345,2,78.7,80.09
6.37,1414,2311,2686,1,63.6,68.26
10.34,1933,2515,1653,2,78.4,63.94
4.65,8388,1786,1918,5,65.9,62.97
8.89,6926,2371,2754,10,77.5,65.06
9.05,4682,2544,1150,2,76.5,71.0
5.72,8197,1343,1407,8,72.8,55.12
10.34,8345,2245,2063,7,81.5,75.96
8.49,10833,2383,1749,4,53.2,84.95
8.46,8410,1897,2024,4,59.2,84.33
7.04,11685,1516,1442,10,68.8,57.97
6.67,8024,2377,2329,8,54.7,67.61
6.69,7654,1520,2110,3,67.1,74.79
7.59,11193,1929,2530,10,67.5,73.26
9.1,5065,1984,2320,5,87.7,75.13
7.27,16443,2286,2324,1,73.7,87.44
5.63,9126,1749,1332,9,84.4,54.71
8.24,9142,1726,2496,9,75.6,72.77
8.38,9575,2040,2001,5,65.6,87.06
7.98,13631,2403,2100,8,73.6,71.35
8.12,10378,2915,2829,3,80.8,79.6
6.59,3185,1397,1768,9,86.3,47.48
5.61,12210,2126,3011,4,70.4,76.41
5.7,6977,1565,3067,3,52.2,67.5
4.55,8321,2408,2652,6,51.4,62.44
7.36,4162,1625,1612,3,68.1,72.42
6.87,9579,1730,888,7,45.0,63.67
6.34,6046,1764,2847,8,93.5,62.06
3.0,8301,1970,2267,5,79.2,54.19
5.13,7148,2129,1753,8,64.4,60.12
8.68,13775,2193,2904,5,58.7,88.23
6.0,13947,1998,1683,10,84.3,59.51
7.54,8140,1468,1946,3,58.6,77.25
4.91,8192,2291,2515,8,59.8,62.52
9.16,6880,1979,1532,6,62.8,72.75
6.78,11318,2465,2134,10,73.4,65.8
7.44,7013,1717,2853,3,79.4,82.86
10.49,6736,1359,2327,2,86.3,79.42
9.27,10936,1986,2948,9,84.5,78.11
6.54,6385,2518,2880,10,72.0,59.68
6.11,7887,2064,2205,8,84.2,66.39
6.51,3256,1920,798,5,63.9,53.94
7.76,10113,1652,1537,5,50.1,77.05
6.84,13823,2703,2658,7,63.9,70.91
6.41,10164,1588,1270,8,62.3,65.08
9.2,12385,1710,2004,3,64.4,87.06
6.83,5462,2228,2403,1,60.5,75.89
10.45,8709,1258,3082,1,66.5,96.2
7.14,5171,2510,1855,4,79.4,61.56
9.68,7317,2250,1814,7,92.6,72.15
7.54,10317,2360,2169,5,51.3,82.92
8.44,8305,2223,2411,7,56.5,78.74
5.91,3762,1936,2107,5,62.5,58.89
5.72,4055,1575,2830,3,81.2,61.77
7.69,3857,1944,1721,8,69.5,59.15
8.48,9474,1610,2272,8,63.3,76.71
7.06,14192,2194,2467,10,80.6,69.1
5.07,12087,2323,1960,9,83.5,55.38
4.96,2312,2591,2704,4,71.8,54.26
4.86,12263,2149,2289,8,62.2,63.3
4.35,10809,2370,2673,4,75.2,70.46
7.16,3364,1881,2316,9,69.2,65.01
8.69,7090,1809,2426,7,69.1,73.31
6.98,11287,2189,1821,9,65.9,66.22
3.61,9651,1845,1822,3,83.1,62.37
6.71,4073,2108,2935,1,75.0,79.04
6.76,9832,1576,2581,2,84.4,81.12
10.14,1587,1647,1586,6,88.0,57.32
4.81,7332,2254,2309,10,77.5,52.99
6.41,11414,2355,776,7,65.9,62.22
9.56,8055,1606,1856,9,84.5,69.4
7.67,6503,2268,2777,5,77.6,83.18
7.84,10668,1787,2125,10,103.2,67.71
7.17,10924,2007,2271,10,75.7,69.71
7.49,11930,2567,500,3,80.4,69.43
8.17,10623,2323,1965,9,75.5,67.74
5.79,11244,2318,2403,1,70.8,84.17
8.32,10199,2764,2479,6,68.9,80.62
4.94,8797,1718,2777,5,75.5,68.51
7.49,8269,1606,2074,4,78.3,79.07
7.27,7288,1711,2101,10,85.9,60.5
6.08,4363,1898,1401,7,75.7,57.96
6.97,5134,1058,2077,2,66.4,69.8
6.07,7154,1917,1443,2,68.1,72.15
5.39,8724,1782,1091,2,56.1,66.85
6.47,12322,2314,1549,4,91.9,70.64
5.34,7875,2141,3105,1,65.5,83.74
7.48,11010,1760,2038,3,83.6,79.51
5.27,11238,2236,2332,8,75.3,67.0
8.07,7306,2289,1892,9,75.6,62.64
5.23,9784,1693,1126,8,70.6,61.56
6.15,7269,1803,2762,5,62.5,73.99
6.06,11966,1110,897,7,60.4,55.74
8.99,9908,1564,1867,10,92.7,68.0
7.5,4429,1703,2167,1,73.4,78.49
6.68,8485,2030,2338,10,85.5,60.09
7.75,12944,1622,1764,8,88.6,65.64
3.84,7456,1795,1097,4,67.1,58.42
6.94,9343,1510,1719,5,77.1,77.62
10.0,9638,2068,1751,5,72.5,81.37
7.2,4890,2170,1736,2,58.1,74.03
7.1,9532,2161,2782,3,69.8,85.87
7.82,3818,2005,1472,3,79.1,67.76
8.34,6123,1384,2381,1,66.0,82.45
4.0,11227,1752,2295,6,68.1,64.49
4.48,9070,1837,2776,5,69.9,69.4
7.32,7087,1839,2120,4,97.3,66.55
5.93,9339,2030,2675,2,50.0,81.24
8.97,7820,2570,2097,10,78.0,69.47
6.53,8038,2325,2461,7,69.0,69.45
4.1,9970,1605,1298,5,64.3,65.66
5.1,5818,2271,617,8,68.7,50.57
3.0,8121,2256,2427,4,80.0,61.02
6.65,7063,1678,2459,3,80.7,72.14
6.72,3243,2340,2485,7,74.2,58.15
6.36,5239,1936,1885,8,85.1,53.32
8.62,12705,1436,3094,7,87.2,78.24
8.8,9154,2182,1924,6,81.8,78.74
6.74,4029,2087,2453,1,65.4,81.48
3.8,3379,1909,2557,7,77.9,52.43
7.93,7664,1985,3231,7,78.0,74.73
7.83,12684,1712,2010,5,62.2,75.88
7.46,7440,2244,1808,3,53.2,75.06
8.47,11921,1983,1301,10,47.7,71.28
5.25,9056,2067,3131,4,72.8,76.03
10.01,9414,2143,2453,3,75.6,91.06
5.56,3993,1538,2472,8,57.8,53.65
8.12,10813,1642,4070,5,84.6,85.32
4.47,6995,1116,2395,6,73.8,51.61
5.6,10589,2226,1419,7,88.2,67.28
9.27,5557,1515,2082,4,76.4,71.84
6.61,8531,2053,1615,2,59.2,80.48
8.26,9056,2148,1962,2,77.5,84.41
7.36,7538,2241,1958,10,80.0,61.43
6.84,9214,1518,1848,6,65.4,70.36
9.05,7201,1974,1364,5,54.7,77.25
6.65,6053,2668,3156,4,73.2,72.6
4.33,12816,2686,2379,8,60.0,63.05
5.8,11147,2395,2065,10,85.5,63.77
7.83,5717,2135,2655,8,67.1,71.07
7.59,9705,1598,2483,6,92.7,79.64
4.65,5772,2287,2365,5,46.5,59.77
5.91,4446,1937,2611,9,73.6,61.1
6.13,11101,2224,2280,9,89.2,65.85
6.45,2888,1747,2602,4,61.3,64.34
4.94,10781,1931,2652,10,70.1,64.62
6.06,7242,2066,2298,9,67.2,64.87
5.91,7365,2099,2068,9,63.8,61.71
8.16,9229,2197,3118,1,74.9,93.64
8.21,9744,1768,1913,2,56.5,88.75
6.78,5521,1463,2435,3,70.7,71.13
6.41,10153,2650,2448,8,78.2,58.07
7.21,8340,2996,1834,1,69.4,81.19
5.78,4232,2179,1715,1,60.0,67.23
5.28,7490,1470,1988,1,84.4,66.93
5.59,12144,1691,1905,2,80.8,71.96
6.05,13030,2204,1325,10,59.5,59.44
5.25,10152,2536,1809,8,56.5,59.32
7.24,4429,1515,2360,8,60.6,58.7
8.09,9472,1950,2960,3,78.5,86.97
4.62,10553,2078,2533,7,75.3,69.06
7.04,10177,2346,640,8,81.5,68.03
6.67,10355,1863,2585,6,68.1,80.35
7.51,9090,1374,1865,9,60.9,69.11
6.98,7783,2248,2472,6,83.0,69.82
4.82,6175,2450,2192,4,65.4,63.87
5.11,2306,1967,2084,7,74.2,53.4
7.04,9019,2162,2139,10,53.4,63.63
8.54,8558,1810,2187,9,65.2,72.65
3.68,9673,1662,3007,5,84.1,68.99
7.52,3987,2411,2188,6,63.4,68.44
8.78,9935,2155,2851,10,81.8,76.86
6.77,14164,2196,2764,8,45.0,68.59
7.83,8235,2601,2600,6,65.3,74.73
5.95,7815,1578,1128,3,69.9,62.84
6.82,8927,1779,2870,10,92.9,65.6
4.57,14097,2063,1925,10,58.0,59.62
3.48,4929,1774,2629,1,80.1,63.02
8.41,8610,2313,1616,1,84.7,83.58
5.52,5601,1925,1489,2,63.3,69.34
6.32,6359,1603,3386,4,67.5,74.29
4.92,7851,2026,1626,2,73.7,66.77
4.89,12042,2068,2888,9,54.2,65.46
6.74,13403,2374,2271,10,66.5,68.26
5.91,9344,2157,1948,2,87.3,80.29
7.57,6870,2184,2173,9,78.3,64.16
7.68,15478,2128,1419,2,70.1,85.18
7.48,6717,1925,2192,8,73.4,70.64
7.36,6287,1714,1550,4,79.0,68.47
9.37,2675,2116,1963,1,81.3,80.3
5.4,12188,1867,2755,5,65.3,80.13
6.92,10905,2676,2353,9,90.4,68.39
8.7,15253,2537,1311,10,87.8,66.38
8.9,3831,2253,2711,2,80.1,86.75
4.87,12375,2151,2196,9,61.9,61.38
6.53,8210,1965,1875,3,59.8,83.06
9.04,10418,1496,2648,5,68.1,88.3
7.76,3057,1914,2100,2,72.7,77.29
7.29,12404,2041,1501,10,50.8,64.85
6.67,10360,2092,3309,8,77.9,77.37
6.42,7883,2188,2190,7,87.4,69.78
7.43,9935,2369,2151,8,78.9,67.76
6.62,5704,1723,1957,9,63.9,58.74
6.94,6262,1727,2908,2,62.5,73.64
7.12,6610,2580,1885,3,75.6,70.27
5.98,2442,2308,1273,1,70.2,59.65
7.8,10585,1844,1793,5,77.3,77.88
11.37,11575,1957,2996,5,79.2,98.3
4.33,5896,1959,2699,1,85.1,75.01
7.49,9045,2013,2047,7,58.4,70.37
5.86,7203,2189,3024,1,74.7,81.69
7.87,8985,3014,2649,8,67.6,72.45
7.07,6117,2076,2040,8,70.8,63.9
8.14,5350,2265,2100,9,82.4,63.0
8.76,11156,1325,2398,2,83.7,87.09
7.29,7808,1806,1701,9,88.8,57.78
8.7,14066,2492,2203,6,77.1,76.31
3.48,8139,2161,2385,9,70.7,55.43
9.39,5222,1000,1188,7,69.0,61.59
7.56,11681,2270,2086,7,51.2,71.94
8.62,9892,2767,2018,1,88.1,81.87
5.17,10181,1202,2817,7,68.1,66.31
5.75,11572,2608,1093,5,78.1,66.7
7.22,6042,1000,1971,9,80.1,54.41
6.97,7618,2375,1911,7,57.1,71.23
7.42,7486,1997,2776,1,60.9,85.35
8.63,4128,1060,2174,9,90.6,56.45
4.35,7209,2178,3278,1,75.5,73.4
8.46,12009,2460,2597,3,65.0,90.32
7.01,8712,2146,1954,3,70.5,76.65
6.69,3962,2234,2344,10,85.0,59.21
4.79,3332,1835,1988,2,83.2,55.14
7.75,12994,1255,2716,9,54.4,75.98
3.38,7729,2277,1401,3,91.6,57.05
7.97,6058,2700,1706,7,83.6,63.5
4.76,7178,2452,2473,1,70.2,76.02
7.08,3568,1205,2935,4,57.7,69.29
6.82,12269,1394,879,7,84.6,59.72
8.75,6821,1662,3025,8,77.7,76.1
6.73,12102,1363,2116,9,54.5,70.51
5.96,8155,2018,1070,9,69.2,56.08
6.24,12289,2157,500,6,109.5,65.88
8.91,8770,1428,1282,4,72.2,78.41
7.8,10560,2311,2188,3,63.1,83.64
6.42,10157,2240,2160,10,59.9,63.1
6.65,9870,1781,2580,7,93.3,70.45
4.65,9044,1931,1870,10,82.2,49.53
7.58,7301,1220,1535,5,88.9,63.4
4.36,13746,1867,1952,5,75.0,66.47
8.13,5279,2003,2220,9,87.0,60.91
7.19,8013,2067,2338,8,61.8,73.35
10.58,8045,2152,1727,3,74.0,82.59
5.35,9207,2098,2741,6,75.4,69.53
6.85,6712,1894,1827,3,88.6,70.35
9.7,8944,2114,1678,8,75.8,75.86
8.79,7493,2401,1875,1,64.5,85.72
5.96,3254,1962,2845,9,72.8,55.02
7.34,8029,2127,2120,10,51.9,65.01
7.0,4698,1926,1783,1,45.0,72.28
7.42,2797,1741,2756,7,82.0,58.68
5.95,8411,2209,3486,1,67.5,82.84
6.87,9464,1778,2326,4,68.9,81.22
4.6,9580,2154,2940,4,82.0,74.75
7.2,9702,2011,2822,6,88.8,77.58
7.68,2202,1878,1837,10,78.4,54.84
6.66,3917,1869,2216,5,95.1,58.88
4.58,13921,1797,1430,4,78.0,63.61
8.48,4858,1342,2077,1,75.6,75.92
7.55,9833,2153,1824,9,74.9,74.32
5.91,5939,2093,1958,4,56.6,67.87
6.58,8239,2340,1750,5,83.5,67.21
4.75,6100,1787,2028,1,45.0,71.79
5.46,9685,2758,2519,3,65.0,73.44
6.19,8410,1848,2128,6,72.3,76.64
8.84,6655,1650,1081,10,62.5,60.61
6.04,4849,1603,1752,4,66.6,60.36
7.96,8803,1306,1288,6,94.1,65.17
6.19,4362,2613,2346,9,85.2,50.78
7.37,9282,2548,2502,4,63.8,77.38
6.79,15879,2240,2354,3,66.4,90.46
8.31,12051,1642,1728,1,56.7,88.13
6.2,10155,2725,2348,10,80.5,62.11
4.64,7743,1859,1918,2,69.0,69.05
4.93,2184,1892,1517,3,48.4,52.99
6.2,4033,2575,2645,2,73.2,71.57
5.13,11848,2264,2691,8,77.3,61.41
7.62,5631,2880,2769,4,83.6,66.22
6.3,5902,2099,1835,8,71.1,59.68
10.56,7503,1841,2908,7,67.5,85.03
4.39,4814,1755,1904,1,95.8,59.67
7.31,4320,1261,2592,4,72.1,69.03
5.31,7849,1889,1893,1,80.6,73.53
6.26,5325,2458,2066,1,65.5,76.31
7.21,5777,2240,747,5,80.3,56.89
3.51,5656,2008,2019,3,54.5,62.86
7.36,9567,1602,2255,1,66.5,85.58
9.85,7304,2091,1954,5,57.5,82.35
6.32,7464,2405,3254,5,64.7,71.57
7.39,9791,2172,1503,10,87.0,63.67
8.54,7574,2067,1862,7,64.7,74.9
6.75,7165,1681,1657,4,80.6,65.64
6.13,9411,2347,1862,5,90.2,64.38
3.59,10005,1000,2819,1,71.7,69.0
7.96,7559,2153,3087,4,83.9,81.71
6.83,8242,3028,1780,6,78.4,60.44
5.48,5655,1397,1766,1,73.4,65.46
7.19,5418,1903,1506,10,81.0,49.95
6.12,10307,1997,2984,6,94.1,73.88
6.21,9335,1815,2873,8,64.4,75.38
7.91,9366,2415,2136,3,60.5,84.74
4.99,8843,2189,1362,9,59.8,56.34
8.57,8139,2061,1416,4,83.9,78.22
4.9,10089,2319,2302,10,85.6,55.53
6.01,10805,2007,2530,6,65.6,81.41
9.88,10734,3272,960,7,46.4,71.67
8.69,7698,2061,2007,3,63.9,85.17
7.15,12161,2078,3171,10,78.6,80.35
5.59,8685,1316,2069,2,71.2,70.11
6.21,9897,1783,3094,1,74.2,82.79
7.11,8846,2459,2589,5,65.7,75.03
7.06,8741,1466,1549,9,84.2,59.56
6.86,5793,1137,2024,10,76.1,59.67
6.95,10104,2013,2123,9,79.0,69.06
6.68,16536,2548,1628,6,73.9,66.6
4.84,6876,2017,1618,10,78.3,48.76
6.23,8213,1866,3104,5,77.5,78.79
8.37,6661,1257,1614,5,60.9,72.88
4.95,6536,2181,2847,2,76.5,70.91
6.72,12633,2265,1938,8,81.5,62.23
5.77,5981,1287,2185,4,85.9,58.18
7.17,6578,2454,2537,2,77.0,82.08
6.42,3238,2306,1841,4,60.4,64.29
9.22,5727,2453,2541,7,62.3,73.55
7.76,2875,2233,972,3,66.8,70.65
5.03,9895,2261,2464,4,74.3,79.08
8.01,16399,2208,719,4,70.5,76.45
5.84,6900,2347,2064,6,58.5,63.89
6.13,3000,1272,2713,8,58.4,51.87
7.47,10700,1400,2573,7,46.8,72.18
6.26,5819,1706,1421,2,45.0,62.04
8.34,11898,1948,1498,4,70.4,78.39
5.84,7154,2155,1787,7,99.8,53.09
6.07,6105,2130,2312,3,93.6,72.02
6.02,7466,2447,981,1,60.3,65.15
6.15,10273,2459,2192,4,73.8,80.6
8.65,7318,1651,2387,7,54.4,71.89
7.94,6510,2095,2030,7,56.3,75.48
9.56,7404,1661,2515,2,57.6,85.64
10.4,4184,1925,2334,7,69.3,67.13
5.45,9191,2129,1875,2,69.8,79.92
7.11,2640,1000,1038,8,75.0,49.73
5.24,6668,2964,2280,6,80.0,53.74
5.83,10278,2227,1628,2,68.0,76.39
6.05,8909,1762,1853,4,72.4,69.66
5.41,9771,2771,2487,9,58.9,60.77
5.42,7805,1861,3050,5,55.9,72.4
6.78,11509,2053,2177,7,54.0,72.66
5.17,10774,1805,2532,8,79.8,60.5
8.26,9338,2661,1333,1,67.9,80.5
5.62,10783,1958,2347,10,49.5,65.83
11.21,10251,2060,2164,4,71.2,87.81
6.32,6682,2482,2938,8,57.0,63.44
7.11,3968,2234,1876,5,91.9,58.79
5.06,9261,1978,2055,6,65.1,67.34
9.56,9638,2444,2835,4,80.2,91.07
8.68,11271,3015,2145,9,85.1,64.5
7.45,5191,2127,1535,2,60.5,75.9
4.98,5281,2047,3731,9,72.9,58.42
7.32,9380,2068,1553,3,78.6,79.53
5.32,7786,2524,2161,9,73.4,54.49
9.19,2343,1760,2408,1,76.3,77.17
8.21,9125,1889,2361,1,56.0,89.98
7.14,2443,1385,2086,1,78.6,65.29
3.35,5164,1526,2089,6,66.2,52.31
5.52,12055,1793,2059,3,76.2,76.69
8.03,13475,1978,1530,6,83.0,82.75
8.82,4353,2708,3490,9,80.0,65.32
8.66,7012,2214,2068,1,76.2,79.11
4.61,8128,1635,2558,6,79.7,66.5
7.45,13344,1709,1999,8,80.3,70.24
8.52,6521,2550,1987,5,89.9,76.4
4.51,6569,2451,1927,10,71.6,53.36
6.99,12646,2011,1270,7,74.0,69.03
7.41,6876,1823,2104,1,83.2,81.55
6.55,10167,2450,1956,6,66.1,70.47
4.22,3569,1603,2903,4,56.0,58.81
6.51,7486,2157,1482,2,77.9,75.17
6.51,3021,2909,1854,10,69.5,49.02
6.78,4834,2082,1661,3,57.5,71.77
6.15,10518,1690,3066,1,78.0,85.51
6.34,7850,2164,1678,3,89.2,77.92
6.94,7043,1812,2537,9,52.4,63.83
7.66,5754,1442,2782,6,84.3,63.62
6.54,7338,2280,2112,9,45.0,55.88
6.39,8903,2447,1374,5,67.2,72.83
7.14,10949,1876,1382,2,94.1,77.56
4.12,500,1849,2716,4,68.1,54.57
7.72,5505,1615,1444,2,73.1,70.79
7.0,8477,1940,2435,6,81.2,72.56
7.06,7703,1775,2269,3,51.4,74.55
8.44,9210,1596,2426,10,72.9,72.7
4.07,8803,2757,2483,4,72.8,63.81
4.04,7085,2187,1640,4,94.3,58.68
7.41,6419,2229,1615,10,57.2,60.21
6.99,7263,2353,2629,6,67.4,71.01
7.26,11446,2308,1822,2,60.9,78.4
6.31,5804,1835,550,5,59.6,54.79
8.0,7812,2109,2589,3,85.5,91.07
8.4,8550,1892,1578,8,72.3,76.32
7.73,12681,2175,2480,6,65.3,85.39
6.61,7099,2137,3036,8,65.8,68.26
3.84,10876,1847,2210,10,65.2,57.97
8.15,11696,1468,2797,8,66.3,75.25
8.83,7809,2058,2292,4,56.8,79.86
7.97,7368,1918,3152,3,68.9,83.98
5.68,7013,1244,1563,6,67.7,62.57
8.01,7233,2203,2195,5,62.9,79.5
8.29,10563,2386,2604,4,73.9,82.28
9.34,8693,3011,2086,9,74.9,66.8
5.69,8706,1844,2891,10,65.3,67.74
6.66,4624,1785,1941,4,70.3,65.25
8.12,5098,1556,3442,7,97.9,66.95
7.09,14430,2083,3473,10,97.4,70.7
5.32,7467,2081,2369,1,59.4,78.02
7.62,5676,1675,2532,4,61.0,75.69
7.87,12293,1930,2915,8,59.3,78.08
7.13,8845,1209,1488,5,84.7,64.74
7.33,9734,2371,1413,8,67.2,64.89
6.61,7586,1692,2954,5,74.9,69.71
9.22,7044,1986,2364,1,96.0,85.82
5.65,7491,1429,2064,5,71.9,67.15
6.12,3852,1767,2207,5,80.5,56.96
7.02,7736,1888,768,9,78.2,59.03
8.32,8888,1995,2086,2,64.9,91.02
4.75,13551,2192,1748,2,84.7,66.27
5.03,8258,2576,2751,2,61.8,73.12
3.94,997,2293,2797,6,88.1,51.72
7.05,7718,2385,2546,10,65.0,66.77
5.32,16219,2578,2437,7,66.3,61.56
6.42,10599,2228,1302,9,58.9,65.42
7.99,5567,1985,2554,9,60.9,66.24
6.04,9773,2404,2578,7,66.9,73.34
7.35,5774,2429,2947,7,45.0,64.93
6.55,3939,2259,3471,3,69.2,72.16
8.01,6955,1418,1184,10,65.9,57.08
7.71,8275,1663,1967,8,81.5,67.68
5.96,2384,1890,1755,9,77.1,47.06
6.75,4553,2312,2304,10,63.5,56.13
8.57,8031,1991,2208,4,66.5,80.69
7.59,6775,2455,2060,2,69.2,79.11
4.9,9184,2526,2817,9,89.8,59.29
7.98,4356,2480,1539,5,62.1,60.8
5.37,10142,2482,1575,10,63.4,60.69
9.12,4449,1585,1585,7,58.5,65.2
8.54,12928,2193,1984,3,54.2,86.64
7.43,2853,1757,1463,4,75.7,65.15
7.24,4722,1340,2171,7,74.4,61.45
6.69,9252,1885,2101,4,87.4,78.8
8.02,12993,2530,1728,3,84.5,78.26
6.44,8945,2184,2724,3,100.8,79.5
7.35,9689,2807,2164,7,71.1,70.56
8.31,8053,2071,2838,1,68.9,93.17
6.16,4921,2979,2083,1,56.4,67.41
6.08,6530,2071,2185,1,80.4,79.15
5.21,4364,2009,1862,8,73.4,55.97
5.4,4164,1488,2196,1,79.8,63.73
4.26,9205,2444,2627,5,58.3,64.9
8.09,4630,1799,1953,2,76.2,75.37
9.71,8959,1741,2511,6,74.5,79.83
9.14,4095,2512,1712,1,73.7,73.45
4.56,8889,2463,2655,1,63.8,69.74
8.09,6534,2453,1852,5,86.3,64.75
9.13,12220,1855,2711,7,96.6,86.68
6.31,8971,1980,2237,2,58.7,79.21
7.15,11707,1976,3113,5,80.6,88.41
3.99,5733,2313,1508,9,45.0,45.49
7.4,8168,2621,1314,7,80.0,62.98
5.4,5057,2147,1830,8,49.6,49.16
7.3,6759,2790,1369,4,65.7,67.11
4.66,7214,2359,1370,10,56.2,54.03
7.81,5822,1906,2573,2,69.4,86.47
8.54,4353,2331,2197,7,82.1,66.77
5.83,3759,2682,1912,5,49.7,51.58
5.29,981,2799,1968,1,67.7,53.94
3.77,4831,2475,1842,10,65.8,40.43
6.6,9882,2010,3190,8,91.0,76.83
6.13,3205,1913,1759,3,77.2,68.09
4.67,3896,2230,1407,1,57.9,61.75
7.68,13373,2670,2678,7,66.3,75.41
6.33,6091,2174,2071,6,90.7,67.22
5.39,8963,2182,3423,1,80.6,78.04
6.17,9927,2021,1884,10,61.0,65.29
8.61,9988,1869,2708,8,68.8,82.91
7.9,3433,1935,2849,5,69.2,70.39
6.8,7307,2054,1887,3,65.5,74.61
7.93,3145,2687,1754,3,51.5,62.81
5.26,15339,1904,2645,5,63.9,79.87
7.05,3215,2021,2545,1,88.7,79.03
7.22,4856,1654,1354,4,67.4,66.34
6.3,4878,2287,1523,3,70.8,64.63
7.65,3510,2547,678,2,73.7,61.27
5.83,12058,2650,2557,2,98.6,74.25
7.76,15267,2081,2043,4,72.1,81.36
7.83,6573,2230,2103,4,85.1,73.33
3.0,4039,1939,1185,4,64.8,51.76
8.79,1289,2211,1541,7,68.9,59.11
3.0,7268,2126,1913,6,72.2,54.52
6.08,7051,2023,1797,2,62.7,74.29
8.54,6046,2055,2271,10,69.6,66.7
6.52,8664,2181,2550,8,82.7,66.67
4.8,9186,1882,3562,5,62.4,75.99
5.36,8969,1903,2188,1,72.0,73.44
8.54,7052,2683,2869,10,80.5,71.04
4.12,4695,3084,1702,8,62.1,42.84
8.69,9997,1518,1195,5,85.1,77.04
6.92,8038,1496,1989,2,72.9,78.6
5.21,10665,1617,1241,2,70.0,69.57
6.13,10370,1959,2209,3,47.9,75.89
5.47,3735,2358,1732,3,67.5,58.04
8.3,3697,2237,1027,3,76.5,66.73
8.1,5733,2069,3242,5,92.9,77.55
4.42,4831,2212,1877,1,78.8,61.85
6.39,10266,1723,1217,4,85.5,72.2
5.71,9054,1902,2739,9,57.5,59.76
8.94,11298,1992,1763,9,70.5,75.56
4.97,9189,1366,2854,1,86.6,78.39
9.41,8626,1535,1760,7,61.3,74.51
6.95,11599,1551,1875,10,83.6,60.22
5.26,9409,2306,2407,6,80.8,65.5
5.98,8204,2098,2556,4,75.3,65.77
5.8,12441,2244,2661,5,68.1,73.24
5.09,8346,1264,2146,3,60.2,71.01
7.14,7087,1407,2517,4,93.3,68.5
5.16,5487,2265,2647,10,79.6,51.55
3.73,10109,1000,2320,7,76.1,49.12
6.43,11711,2490,2114,5,67.0,69.28
4.3,7848,1271,1333,2,72.5,65.09
5.87,11924,2337,2560,10,74.0,66.3
5.64,2090,1645,2225,2,76.8,57.65
5.69,7834,2420,1952,8,80.8,56.89
10.0,7880,3283,2967,4,62.6,79.52
7.08,5819,1091,1343,3,54.4,60.33
7.37,15152,2278,3186,2,73.0,82.72
4.34,7801,1277,2187,4,51.0,60.44
6.02,6777,2171,2391,7,68.1,67.55
7.32,8078,1917,1963,5,65.9,77.84
5.46,1992,2052,1200,1,77.9,62.31
8.36,5720,1635,2116,3,95.8,68.67
5.2,10950,2312,2401,2,48.7,76.44
6.57,6113,1421,2606,5,99.3,63.05
6.12,5513,2497,2081,10,69.2,53.26
7.25,11929,1836,884,10,76.2,61.45
6.04,12021,1439,1275,10,55.0,54.83
6.59,9551,2638,3431,2,84.0,71.6
6.65,6635,1973,1544,5,72.5,71.52
5.9,7282,2763,3056,1,71.3,77.52
7.73,5588,2489,1640,5,48.8,61.15
7.36,5016,1681,2091,6,72.9,67.3
6.87,4867,1966,2575,8,82.1,61.62
6.35,6146,2048,1708,4,69.2,67.89
8.19,4896,2611,3155,1,86.1,76.79
6.65,3309,2175,2245,5,85.6,63.42
6.54,8658,2071,2477,5,64.3,74.65
7.16,8704,1920,2039,7,91.1,66.04
9.54,13102,1980,2595,1,72.5,100.0
4.99,5995,2522,3147,7,72.6,59.69
8.15,8888,2001,2121,5,73.2,80.6
4.16,8938,1842,3238,8,72.8,65.85
7.33,7238,1774,1833,10,45.0,57.81
9.36,10233,1778,2658,3,69.8,90.51
7.73,10326,1439,2493,8,55.6,74.13
7.26,8982,1700,1559,2,91.5,71.51
6.16,7233,2599,2328,10,91.0,54.95
7.05,6927,1917,2204,5,82.2,69.24
6.62,3897,2282,1688,8,69.1,58.35
5.82,5582,1008,2415,8,59.9,56.02
6.57,6134,2227,2288,7,64.1,67.18
7.3,4628,1935,2156,4,95.3,62.94
5.85,9320,1807,2159,8,63.7,66.93
5.79,11590,2072,2146,5,45.0,68.89
4.96,5276,1802,1979,7,84.4,54.13
7.59,8850,1150,2284,7,90.0,59.87
7.82,4898,2369,1814,5,91.9,60.1
7.35,7085,2097,3794,2,84.5,86.03
8.45,5929,1874,1354,3,86.4,74.56
7.13,9806,1614,1849,10,72.6,63.9
7.59,5964,1412,1897,6,47.1,61.41
7.46,11035,2090,3424,7,72.3,77.31
6.86,7263,2645,1408,3,79.5,68.32
6.2,6051,2081,2456,8,70.4,62.68
10.32,4240,1447,2349,5,69.8,76.99
